"vehicle_id","route_id","route_short_name","destination","x_lon","y_lat","captured_at_jst","current_status","stop_name"
"H853","003","市01","豊洲市場","139.758499","35.666885","2026-05-08 11:25:58","IN_TRANSIT_TO","新橋駅前"
"G840","003","市01","新橋駅前","139.767227","35.664505","2026-05-08 11:25:58","IN_TRANSIT_TO","国立がん研究センター前"
"G828","008","RH01","渋谷駅前","139.730606","35.659233","2026-05-08 11:25:58","IN_TRANSIT_TO","六本木けやき坂"
"F558","008","RH01","渋谷駅前","139.707977","35.658092","2026-05-08 11:25:58","IN_TRANSIT_TO","渋谷三丁目"
"F552","006","都01（T01）","新橋駅前","139.702377","35.658806","2026-05-08 11:25:58","IN_TRANSIT_TO","渋谷駅前"
"G825","006","都01（T01）","新橋駅前","139.737656","35.666302","2026-05-08 11:25:58","IN_TRANSIT_TO","六本木一丁目駅前"
"E381","006","都01（T01）","新橋駅前","139.747803","35.670429","2026-05-08 11:25:58","IN_TRANSIT_TO","商船三井本社ビル前"
"D318","006","都01（T01）","新橋駅前","139.754181","35.668896","2026-05-08 11:25:58","IN_TRANSIT_TO","東亞合成本社前"
"B787","006","都01（T01）","渋谷駅前","139.754181","35.668652","2026-05-08 11:25:58","IN_TRANSIT_TO","東亞合成本社前"
"E382","006","都01（T01）","渋谷駅前","139.738312","35.666245","2026-05-08 11:25:58","IN_TRANSIT_TO","六本木一丁目駅前"
"D311","006","都01（T01）","渋谷駅前","139.73114","35.662521","2026-05-08 11:25:58","IN_TRANSIT_TO","六本木駅前"
"G734","006","都01（T01）","渋谷駅前","139.724625","35.659855","2026-05-08 11:25:58","IN_TRANSIT_TO","西麻布"
"E388","006","都01（T01）","赤坂アークヒルズ","139.702377","35.658806","2026-05-08 11:25:58","IN_TRANSIT_TO","渋谷駅前"
"G830","006","都01（T01）","赤坂アークヒルズ","139.718216","35.659405","2026-05-08 11:25:58","IN_TRANSIT_TO","南青山七丁目"
"D329","006","都01（T01）","赤坂アークヒルズ","139.722397","35.65976","2026-05-08 11:25:58","IN_TRANSIT_TO","西麻布"
"F559","006","都01（T01）","渋谷駅前","139.735962","35.66489","2026-05-08 11:25:58","IN_TRANSIT_TO","六本木四丁目"
"M402","006","都01（T01）","渋谷駅前","139.724625","35.659855","2026-05-08 11:25:58","IN_TRANSIT_TO","西麻布"
"D513","015","江東01","潮見駅前","139.816727","35.647259","2026-05-08 11:25:58","IN_TRANSIT_TO","港湾住宅前"
"E139","018","海01（KM01）","東京テレポート駅前","139.797256","35.654156","2026-05-08 11:25:58","IN_TRANSIT_TO","豊洲駅前"
"E137","018","海01（KM01）","東京テレポート駅前","139.7715","35.625782","2026-05-08 11:25:58","IN_TRANSIT_TO","台場駅前"
"L368","018","海01（KM01）","門前仲町","139.774643","35.627785","2026-05-08 11:25:58","IN_TRANSIT_TO","フジテレビ前"
"C278","018","海01（KM01）","門前仲町","139.8013","35.649075","2026-05-08 11:25:58","IN_TRANSIT_TO","東雲橋交差点"
"W412","018","海01（KM01）","東京テレポート駅前","139.79631","35.665047","2026-05-08 11:25:58","IN_TRANSIT_TO","都立三商前"
"B765","018","海01（KM01）","東京テレポート駅前","139.797714","35.643581","2026-05-08 11:25:58","IN_TRANSIT_TO","都橋住宅前"
"M188","018","海01（KM01）","門前仲町","139.792801","35.639442","2026-05-08 11:25:58","IN_TRANSIT_TO","有明二丁目"
"E140","018","海01（KM01）","門前仲町","139.799408","35.661636","2026-05-08 11:25:58","IN_TRANSIT_TO","浜園橋"
"D915","019","学02","早大正門","139.710785","35.711414","2026-05-08 11:25:58","IN_TRANSIT_TO","高田馬場二丁目"
"Z550","019","学02","早大正門","139.718704","35.706886","2026-05-08 11:25:58","IN_TRANSIT_TO","馬場下町"
"K229","019","学02","高田馬場駅前","139.72168","35.70863","2026-05-08 11:25:58","IN_TRANSIT_TO","早大正門"
"A591","019","学02","高田馬場駅前","139.710892","35.711182","2026-05-08 11:25:58","IN_TRANSIT_TO","高田馬場二丁目"
"B739","020","都02","錦糸町駅前","139.732651","35.72073","2026-05-08 11:25:58","IN_TRANSIT_TO","大塚三丁目"
"C218","020","都02","錦糸町駅前","139.745865","35.710854","2026-05-08 11:25:58","IN_TRANSIT_TO","伝通院前"
"M395","020","都02","錦糸町駅前","139.764801","35.707504","2026-05-08 11:25:58","IN_TRANSIT_TO","湯島四丁目"
"K237","020","都02","錦糸町駅前","139.77919","35.707413","2026-05-08 11:25:58","IN_TRANSIT_TO","東上野一丁目"
"F631","020","都02","錦糸町駅前","139.797043","35.702847","2026-05-08 11:25:58","IN_TRANSIT_TO","本所一丁目"
"D303","020","都02","錦糸町駅前","139.814865","35.700184","2026-05-08 11:25:58","IN_TRANSIT_TO","太平三丁目"
"H884","020","都02","大塚駅前","139.811157","35.700928","2026-05-08 11:25:58","IN_TRANSIT_TO","太平一丁目"
"H890","020","都02","大塚駅前","139.800751","35.700325","2026-05-08 11:25:58","IN_TRANSIT_TO","石原二丁目"
"L322","020","都02","大塚駅前","139.782516","35.70689","2026-05-08 11:25:58","IN_TRANSIT_TO","新御徒町駅前"
"F624","020","都02","大塚駅前","139.764496","35.707363","2026-05-08 11:25:58","IN_TRANSIT_TO","湯島四丁目"
"C228","020","都02","大塚駅前","139.748596","35.709164","2026-05-08 11:25:58","IN_TRANSIT_TO","富坂上"
"M392","020","都02","大塚駅前","139.735718","35.718304","2026-05-08 11:25:58","IN_TRANSIT_TO","窪町小学校"
"Z512","020","都02","大塚駅前","139.73233","35.720745","2026-05-08 11:25:58","IN_TRANSIT_TO","大塚三丁目"
"A617","021","都02乙","東京ドームシティ","139.715744","35.728161","2026-05-08 11:25:58","IN_TRANSIT_TO","東池袋一丁目"
"A580","023","都03","四谷駅","139.779465","35.653961","2026-05-08 11:25:58","IN_TRANSIT_TO","ホテルマリナーズコート東京前"
"H862","023","都03","晴海五丁目ターミナル","139.776581","35.660614","2026-05-08 11:25:58","IN_TRANSIT_TO","勝どき橋南詰"
"A624","027","学05","目白駅前","139.70787","35.721146","2026-05-08 11:25:58","IN_TRANSIT_TO","目白駅前"
"H866","024","学03","日赤医療センター前","139.701828","35.659187","2026-05-08 11:25:58","IN_TRANSIT_TO","渋谷駅前"
"K217","024","学03","日赤医療センター前","139.707397","35.65847","2026-05-08 11:25:58","IN_TRANSIT_TO","渋谷三丁目"
"L316","024","学03","日赤医療センター前","139.713272","35.655216","2026-05-08 11:25:58","IN_TRANSIT_TO","東四丁目"
"K220","024","学03","渋谷駅前","139.717667","35.655174","2026-05-08 11:25:58","IN_TRANSIT_TO","日赤医療センター前"
"A585","024","学03","渋谷駅前","139.710587","35.6577","2026-05-08 11:25:58","IN_TRANSIT_TO","青山学院初等部前"
"H983","026","都04","東京駅丸の内南口","139.775711","35.658115","2026-05-08 11:25:58","IN_TRANSIT_TO","勝どき三丁目"
"C203","026","都04","東京駅丸の内南口","139.765686","35.670567","2026-05-08 11:25:58","IN_TRANSIT_TO","銀座四丁目"
"H860","026","都04","豊海水産埠頭","139.764694","35.680859","2026-05-08 11:25:58","IN_TRANSIT_TO","東京駅丸の内南口"
"G780","026","都04","豊海水産埠頭","139.769302","35.667866","2026-05-08 11:25:58","IN_TRANSIT_TO","築地"
"F569","026","都04","豊海水産埠頭","139.773285","35.656155","2026-05-08 11:25:58","IN_TRANSIT_TO","新島橋"
"G832","032","学06","日赤医療センター前","139.709442","35.64698","2026-05-08 11:25:58","IN_TRANSIT_TO","恵比寿駅前"
"L313","032","学06","日赤医療センター前","139.717575","35.655811","2026-05-08 11:25:58","IN_TRANSIT_TO","東京女学館前"
"C210","032","学06","恵比寿駅前","139.71347","35.65242","2026-05-08 11:25:58","IN_TRANSIT_TO","広尾高校前"
"B791","031","都06","新橋駅前","139.709045","35.65234","2026-05-08 11:25:58","IN_TRANSIT_TO","東二丁目"
"G827","031","都06","新橋駅前","139.736053","35.64716","2026-05-08 11:25:58","IN_TRANSIT_TO","古川橋"
"L312","031","都06","新橋駅前","139.754608","35.657478","2026-05-08 11:25:58","IN_TRANSIT_TO","大門駅前"
"F556","031","都06","渋谷駅前","139.759247","35.665936","2026-05-08 11:25:58","IN_TRANSIT_TO","新橋駅前"
"G829","031","都06","渋谷駅前","139.74794","35.652557","2026-05-08 11:25:58","IN_TRANSIT_TO","芝園橋"
"W454","031","都06","渋谷駅前","139.721451","35.6479","2026-05-08 11:25:58","IN_TRANSIT_TO","広尾病院前"
"D331","031","都06","赤羽橋駅前","139.717667","35.648849","2026-05-08 11:25:58","IN_TRANSIT_TO","広尾一丁目"
"G821","031","都06","赤羽橋駅前","139.74115","35.655495","2026-05-08 11:25:58","IN_TRANSIT_TO","中ノ橋"
"G822","031","都06","渋谷駅前","139.731201","35.647194","2026-05-08 11:25:58","IN_TRANSIT_TO","四ノ橋"
"D355","031","都06","渋谷駅前","139.708801","35.652657","2026-05-08 11:25:58","IN_TRANSIT_TO","東二丁目"
"B754","036","都07","門前仲町","139.817642","35.696106","2026-05-08 11:25:58","IN_TRANSIT_TO","江東車庫前"
"H968","036","都07","門前仲町","139.826172","35.692451","2026-05-08 11:25:58","IN_TRANSIT_TO","五ノ橋"
"W434","036","都07","門前仲町","139.82663","35.673351","2026-05-08 11:25:58","IN_TRANSIT_TO","南砂三丁目"
"D365","036","都07","門前仲町","139.826126","35.671082","2026-05-08 11:25:58","IN_TRANSIT_TO","日曹橋"
"M463","036","都07","門前仲町","139.803436","35.669418","2026-05-08 11:25:58","IN_TRANSIT_TO","木場二丁目"
"W436","036","都07","錦糸町駅前","139.797791","35.671249","2026-05-08 11:25:58","IN_TRANSIT_TO","不動尊前"
"E501","036","都07","錦糸町駅前","139.813736","35.669556","2026-05-08 11:25:58","IN_TRANSIT_TO","東陽操車所前"
"H967","036","都07","錦糸町駅前","139.826294","35.672726","2026-05-08 11:25:58","IN_TRANSIT_TO","南砂三丁目"
"L344","036","都07","錦糸町駅前","139.827332","35.681885","2026-05-08 11:25:58","IN_TRANSIT_TO","北砂三丁目"
"W440","036","都07","錦糸町駅前","139.826187","35.690002","2026-05-08 11:25:58","IN_TRANSIT_TO","西大島駅前"
"H966","036","都07","錦糸町駅前","139.817535","35.69569","2026-05-08 11:25:58","IN_TRANSIT_TO","江東車庫前"
"C250","038","都08（T08）","錦糸町駅前","139.777466","35.728756","2026-05-08 11:25:58","IN_TRANSIT_TO","東日暮里三丁目"
"W465","038","都08（T08）","錦糸町駅前","139.791672","35.720722","2026-05-08 11:25:58","IN_TRANSIT_TO","千束"
"E541","038","都08（T08）","錦糸町駅前","139.798431","35.714588","2026-05-08 11:25:58","IN_TRANSIT_TO","二天門"
"F646","038","都08（T08）","錦糸町駅前","139.805222","35.708759","2026-05-08 11:25:58","IN_TRANSIT_TO","本所吾妻橋"
"F640","038","都08（T08）","錦糸町駅前","139.814331","35.706242","2026-05-08 11:25:58","IN_TRANSIT_TO","業平四丁目"
"D301","038","都08（T08）","日暮里駅前","139.813492","35.697296","2026-05-08 11:25:58","IN_TRANSIT_TO","錦糸町駅前"
"H961","038","都08（T08）","日暮里駅前","139.813705","35.708355","2026-05-08 11:25:58","IN_TRANSIT_TO","押上"
"B794","038","都08（T08）","日暮里駅前","139.809097","35.708725","2026-05-08 11:25:58","IN_TRANSIT_TO","とうきょうスカイツリー駅入口"
"G776","038","都08（T08）","日暮里駅前","139.796967","35.716118","2026-05-08 11:25:58","IN_TRANSIT_TO","浅草二丁目"
"G767","038","都08（T08）","日暮里駅前","139.786499","35.725021","2026-05-08 11:25:58","IN_TRANSIT_TO","下谷三丁目"
"E466","040","業10","とうきょうスカイツリー駅前","139.770355","35.666985","2026-05-08 11:25:58","IN_TRANSIT_TO","築地三丁目"
"E526","040","業10","とうきょうスカイツリー駅前","139.797119","35.655151","2026-05-08 11:25:58","IN_TRANSIT_TO","豊洲駅前"
"F653","040","業10","とうきょうスカイツリー駅前","139.806854","35.677277","2026-05-08 11:25:58","IN_TRANSIT_TO","木場公園"
"E539","040","業10","とうきょうスカイツリー駅前","139.804626","35.704296","2026-05-08 11:25:58","IN_TRANSIT_TO","本所四丁目"
"E540","040","業10","新橋","139.805634","35.694572","2026-05-08 11:25:58","IN_TRANSIT_TO","緑三丁目"
"G708","040","業10","新橋","139.806488","35.661606","2026-05-08 11:25:58","IN_TRANSIT_TO","塩浜二丁目"
"D112","040","業10","新橋","139.793228","35.657604","2026-05-08 11:25:58","IN_TRANSIT_TO","ＩＨＩ前"
"F586","040","業10","新橋","139.779999","35.660812","2026-05-08 11:25:58","IN_TRANSIT_TO","月島第一小学校前"
"G707","040","業10","新橋","139.761627","35.670876","2026-05-08 11:25:58","IN_TRANSIT_TO","銀座西六丁目"
"D309","044","錦11","亀戸駅前","139.810623","35.689278","2026-05-08 11:25:58","IN_TRANSIT_TO","住吉一丁目"
"C290","041","業10出入","とうきょうスカイツリー駅前","139.805786","35.669868","2026-05-08 11:25:58","IN_TRANSIT_TO","木場駅前"
"F651","041","業10出入","深川車庫前","139.805176","35.712086","2026-05-08 11:25:58","IN_TRANSIT_TO","言問橋"
"C271","041","業10出入","深川車庫前","139.806595","35.683132","2026-05-08 11:25:58","IN_TRANSIT_TO","白河"
"D107","041","業10出入","深川車庫前","139.801605","35.657764","2026-05-08 11:25:58","IN_TRANSIT_TO","枝川"
"E504","041","業10出入","新橋","139.786011","35.657913","2026-05-08 11:25:58","IN_TRANSIT_TO","晴海一丁目"
"C289","041","業10出入","新橋","139.765686","35.670567","2026-05-08 11:25:58","IN_TRANSIT_TO","銀座四丁目"
"C269","041","業10出入","深川車庫前","139.766312","35.67038","2026-05-08 11:25:58","IN_TRANSIT_TO","銀座四丁目"
"M456","041","業10出入","深川車庫前","139.790649","35.659122","2026-05-08 11:25:58","IN_TRANSIT_TO","春海橋"
"C287","041","業10出入","深川車庫前","139.79982","35.645321","2026-05-08 11:25:58","IN_TRANSIT_TO","東雲都橋"
"B751","045","木11甲","木場駅前","139.821518","35.669647","2026-05-08 11:25:58","IN_TRANSIT_TO","江東運転免許試験場前"
"W408","045","木11甲","東陽町駅前","139.823837","35.662731","2026-05-08 11:25:58","IN_TRANSIT_TO","東京地下鉄総合運動場前"
"Y482","045","木11甲","東陽町駅前","139.834641","35.634663","2026-05-08 11:25:58","IN_TRANSIT_TO","新木場三丁目"
"Y477","046","錦13","豊洲駅前","139.804413","35.656857","2026-05-08 11:25:58","IN_TRANSIT_TO","枝川一丁目"
"H987","046","錦13","深川車庫前","139.811996","35.677933","2026-05-08 11:25:58","IN_TRANSIT_TO","千石一丁目(せんごくいっちょうめ（こうとうく）)"
"W405","046","錦13","錦糸町駅前","139.806137","35.661587","2026-05-08 11:25:58","IN_TRANSIT_TO","塩浜二丁目"
"V313","046","錦13","晴海埠頭","139.814529","35.695892","2026-05-08 11:25:58","IN_TRANSIT_TO","錦糸町駅前"
"E122","046","錦13","晴海埠頭","139.795258","35.6548","2026-05-08 11:25:58","IN_TRANSIT_TO","豊洲駅前"
"W406","046","錦13","錦糸町駅前","139.811157","35.683964","2026-05-08 11:25:58","IN_TRANSIT_TO","扇橋一丁目"
"B752","049","東15","東京駅八重洲口","139.78093","35.655811","2026-05-08 11:25:58","IN_TRANSIT_TO","晴海三丁目"
"B783","049","東15","深川車庫前","139.781097","35.674759","2026-05-08 11:25:58","IN_TRANSIT_TO","新川二丁目"
"C235","049","東15","深川車庫前","139.798676","35.652672","2026-05-08 11:25:58","IN_TRANSIT_TO","深川五中前"
"B758","051","錦18","国際展示場駅前","139.82637","35.645264","2026-05-08 11:25:58","IN_TRANSIT_TO","新木場駅前（構内）"
"C285","051","錦18","錦糸町駅前","139.826187","35.690002","2026-05-08 11:25:58","IN_TRANSIT_TO","西大島駅前"
"G790","053","陽20","東陽町駅前","139.844437","35.681362","2026-05-08 11:25:58","IN_TRANSIT_TO","東砂三丁目"
"K258","050","東16","東京ビッグサイト","139.780258","35.675846","2026-05-08 11:25:58","IN_TRANSIT_TO","新川"
"D111","050","東16","東京ビッグサイト","139.79277","35.658676","2026-05-08 11:25:58","IN_TRANSIT_TO","ＩＨＩ前"
"G710","050","東16","東京ビッグサイト","139.80191","35.647064","2026-05-08 11:25:58","IN_TRANSIT_TO","東雲一丁目"
"M453","050","東16","東京ビッグサイト","139.793686","35.639725","2026-05-08 11:25:58","IN_TRANSIT_TO","かえつ学園西"
"F652","050","東16","東京ビッグサイト","139.789566","35.629425","2026-05-08 11:25:58","IN_TRANSIT_TO","フェリー埠頭入口"
"F650","050","東16","東京駅八重洲口","139.78746","35.63068","2026-05-08 11:25:58","IN_TRANSIT_TO","武蔵野大学前"
"E120","050","東16","東京駅八重洲口","139.80159","35.646797","2026-05-08 11:25:58","IN_TRANSIT_TO","東雲一丁目"
"F654","050","東16","東京駅八重洲口","139.793228","35.657604","2026-05-08 11:25:58","IN_TRANSIT_TO","ＩＨＩ前"
"M451","050","東16","東京駅八重洲口","139.785034","35.669006","2026-05-08 11:25:58","IN_TRANSIT_TO","リバーシティ２１"
"G712","050","東16","深川車庫前","139.783203","35.673397","2026-05-08 11:25:58","IN_TRANSIT_TO","住友ツインビル前"
"F141","052","門19","門前仲町","139.793518","35.660591","2026-05-08 11:25:58","IN_TRANSIT_TO","豊洲一丁目"
"X274","052","門19","東京ビッグサイト","139.804276","35.640858","2026-05-08 11:25:58","IN_TRANSIT_TO","東雲駅前"
"D114","056","西葛20甲","なぎさニュータウン","139.869888","35.654175","2026-05-08 11:25:58","IN_TRANSIT_TO","葛西南高校前"
"Z543","056","西葛20甲","西葛西駅前","139.8685","35.655876","2026-05-08 11:25:58","IN_TRANSIT_TO","新田"
"H976","057","西葛20乙","葛西臨海公園駅前","139.861191","35.657364","2026-05-08 11:25:58","IN_TRANSIT_TO","新田住宅"
"B774","057","西葛20乙","西葛西駅前","139.862228","35.643967","2026-05-08 11:25:58","IN_TRANSIT_TO","葛西臨海公園駅前"
"Z525","059","門21","門前仲町","139.802185","35.675171","2026-05-08 11:25:58","IN_TRANSIT_TO","冬木"
"Z527","059","門21","東大島駅前","139.838226","35.675785","2026-05-08 11:25:58","IN_TRANSIT_TO","東砂四丁目"
"L183","058","亀21","亀戸駅前","139.83728","35.675735","2026-05-08 11:25:58","IN_TRANSIT_TO","東砂四丁目"
"E525","058","亀21","東陽町駅前","139.837509","35.6698","2026-05-08 11:25:58","IN_TRANSIT_TO","元八幡"
"G727","060","新小21","新小岩駅前","139.859055","35.664135","2026-05-08 11:25:58","IN_TRANSIT_TO","西葛西駅前"
"W396","060","新小21","新小岩駅前","139.853226","35.677101","2026-05-08 11:25:58","IN_TRANSIT_TO","六軒町"
"L361","060","新小21","新小岩駅前","139.864288","35.683411","2026-05-08 11:25:58","IN_TRANSIT_TO","船堀駅前"
"Z551","060","新小21","新小岩駅前","139.867691","35.695301","2026-05-08 11:25:58","IN_TRANSIT_TO","東小松川二丁目"
"F660","060","新小21","新小岩駅前","139.86145","35.714909","2026-05-08 11:25:58","IN_TRANSIT_TO","新小岩一丁目"
"Z557","060","新小21","西葛西駅前","139.864243","35.712532","2026-05-08 11:25:58","IN_TRANSIT_TO","松島三丁目"
"E129","060","新小21","西葛西駅前","139.867874","35.706993","2026-05-08 11:25:58","IN_TRANSIT_TO","江戸川区役所前"
"E483","060","新小21","西葛西駅前","139.866699","35.689281","2026-05-08 11:25:58","IN_TRANSIT_TO","松江第一中学校前"
"W398","060","新小21","西葛西駅前","139.853333","35.67395","2026-05-08 11:25:58","IN_TRANSIT_TO","小島"
"W463","062","里22","亀戸駅前","139.777466","35.728756","2026-05-08 11:25:58","IN_TRANSIT_TO","東日暮里三丁目"
"B797","062","里22","亀戸駅前","139.806213","35.728497","2026-05-08 11:25:58","IN_TRANSIT_TO","橋場二丁目"
"B799","062","里22","亀戸駅前","139.825562","35.702461","2026-05-08 11:25:58","IN_TRANSIT_TO","亀戸四丁目"
"M433","062","里22","日暮里駅前","139.826645","35.713703","2026-05-08 11:25:58","IN_TRANSIT_TO","中居堀"
"G737","062","里22","日暮里駅前","139.798889","35.728855","2026-05-08 11:25:58","IN_TRANSIT_TO","泪橋"
"E538","062","里22","南千住車庫前","139.787247","35.733276","2026-05-08 11:25:58","IN_TRANSIT_TO","荒川一丁目"
"C261","061","葛西21","葛西臨海公園駅前","139.879776","35.659424","2026-05-08 11:25:58","IN_TRANSIT_TO","東葛西六丁目"
"E503","061","葛西21","葛西臨海公園駅前","139.875824","35.646393","2026-05-08 11:25:58","IN_TRANSIT_TO","南葛西会館前"
"E487","061","葛西21","葛西駅前","139.875717","35.646397","2026-05-08 11:25:58","IN_TRANSIT_TO","南葛西会館前"
"K289","061","葛西21","葛西駅前","139.876389","35.659634","2026-05-08 11:25:58","IN_TRANSIT_TO","第二葛西小学校入口"
"F668","066","葛西22","葛西駅前","139.887085","35.680744","2026-05-08 11:25:58","IN_TRANSIT_TO","今井児童交通公園前"
"B761","063","東22","東陽町駅前","139.814301","35.695889","2026-05-08 11:25:58","IN_TRANSIT_TO","錦糸町駅前"
"F619","063","東22","東陽町駅前","139.816055","35.67836","2026-05-08 11:25:58","IN_TRANSIT_TO","千石二丁目(せんごくにちょうめ（こうとうく）)"
"H969","063","東22","錦糸町駅前","139.815933","35.675179","2026-05-08 11:25:58","IN_TRANSIT_TO","豊住橋"
"E509","063","東22","錦糸町駅前","139.81601","35.683388","2026-05-08 11:25:58","IN_TRANSIT_TO","扇橋二丁目"
"G792","063","東22","東京駅丸の内北口","139.816086","35.685825","2026-05-08 11:25:58","IN_TRANSIT_TO","猿江二丁目"
"W437","063","東22","東京駅丸の内北口","139.803436","35.669418","2026-05-08 11:25:58","IN_TRANSIT_TO","木場二丁目"
"A597","063","東22","東京駅丸の内北口","139.774475","35.682095","2026-05-08 11:25:58","IN_TRANSIT_TO","日本橋"
"W441","063","東22","錦糸町駅前","139.785233","35.677162","2026-05-08 11:25:58","IN_TRANSIT_TO","永代橋"
"B759","063","東22","錦糸町駅前","139.813736","35.669556","2026-05-08 11:25:58","IN_TRANSIT_TO","東陽操車所前"
"E492","063","東22","錦糸町駅前","139.815414","35.691303","2026-05-08 11:25:58","IN_TRANSIT_TO","毛利二丁目"
"L365","068","新小22","新小岩駅前","139.872879","35.663258","2026-05-08 11:25:58","IN_TRANSIT_TO","葛西駅前"
"G723","068","新小22","新小岩駅前","139.887054","35.680878","2026-05-08 11:25:58","IN_TRANSIT_TO","今井児童交通公園前"
"G731","068","新小22","新小岩駅前","139.871307","35.695843","2026-05-08 11:25:58","IN_TRANSIT_TO","松江"
"B772","068","新小22","新小岩駅前","139.86145","35.714909","2026-05-08 11:25:58","IN_TRANSIT_TO","新小岩一丁目"
"C262","068","新小22","葛西駅前","139.866074","35.710171","2026-05-08 11:25:58","IN_TRANSIT_TO","江戸川高校前"
"F662","068","新小22","葛西駅前","139.878418","35.690601","2026-05-08 11:25:58","IN_TRANSIT_TO","一之江五丁目"
"D352","068","新小22","葛西駅前","139.885422","35.67786","2026-05-08 11:25:58","IN_TRANSIT_TO","下今井"
"E446","070","上23","上野松坂屋前","139.841797","35.706787","2026-05-08 11:25:58","IN_TRANSIT_TO","平井駅前"
"D325","070","上23","上野松坂屋前","139.803497","35.708439","2026-05-08 11:25:58","IN_TRANSIT_TO","本所吾妻橋"
"C252","070","上23","平井駅前","139.795349","35.711105","2026-05-08 11:25:58","IN_TRANSIT_TO","浅草雷門"
"E453","070","上23","平井駅前","139.835159","35.715069","2026-05-08 11:25:58","IN_TRANSIT_TO","平井七丁目第三アパート前"
"E457","073","平23","平井駅前","139.872711","35.663254","2026-05-08 11:25:58","IN_TRANSIT_TO","葛西駅前"
"B767","073","平23","葛西駅前","139.849792","35.699436","2026-05-08 11:25:58","IN_TRANSIT_TO","小松川三丁目"
"G796","072","亀23","亀戸駅前","139.834183","35.665157","2026-05-08 11:25:58","IN_TRANSIT_TO","江東高齢者医療センター"
"C255","075","亀24","亀戸駅前","139.844833","35.683807","2026-05-08 11:25:58","IN_TRANSIT_TO","東砂二丁目"
"Z559","075","亀24","葛西橋","139.837296","35.690044","2026-05-08 11:25:58","IN_TRANSIT_TO","中の橋通り"
"L362","075","亀24","葛西橋","139.843201","35.675983","2026-05-08 11:25:58","IN_TRANSIT_TO","東砂五丁目"
"C267","076","葛西24","なぎさニュータウン","139.864441","35.675083","2026-05-08 11:25:58","IN_TRANSIT_TO","宇喜田小学校"
"M470","076","葛西24","なぎさニュータウン","139.872635","35.653858","2026-05-08 11:25:58","IN_TRANSIT_TO","葛西南高校入口"
"F661","076","葛西24","船堀駅前","139.866028","35.672215","2026-05-08 11:25:58","IN_TRANSIT_TO","宇喜田第一住宅"
"M473","077","錦25出入","葛西駅前","139.867615","35.668373","2026-05-08 11:25:58","IN_TRANSIT_TO","江戸川車庫前"
"H980","078","錦25","錦糸町駅前","139.873138","35.666866","2026-05-08 11:25:58","IN_TRANSIT_TO","長島町交差点"
"F664","078","錦25","錦糸町駅前","139.867279","35.678616","2026-05-08 11:25:58","IN_TRANSIT_TO","陣屋橋"
"H975","078","錦25","錦糸町駅前","139.863785","35.684181","2026-05-08 11:25:58","IN_TRANSIT_TO","船堀駅前"
"C264","078","錦25","錦糸町駅前","139.844269","35.697449","2026-05-08 11:25:58","IN_TRANSIT_TO","浅間神社"
"D314","078","錦25","錦糸町駅前","139.824554","35.696419","2026-05-08 11:25:58","IN_TRANSIT_TO","亀戸駅通り"
"H978","078","錦25","葛西駅前","139.830978","35.697044","2026-05-08 11:25:58","IN_TRANSIT_TO","亀戸六丁目"
"G732","078","錦25","葛西駅前","139.849792","35.699436","2026-05-08 11:25:58","IN_TRANSIT_TO","小松川三丁目"
"C263","078","錦25","葛西駅前","139.86792","35.699444","2026-05-08 11:25:58","IN_TRANSIT_TO","東小松川一丁目"
"K290","078","錦25","葛西駅前","139.872223","35.671341","2026-05-08 11:25:58","IN_TRANSIT_TO","葛西中学校前"
"E486","078","錦25","東小松川車庫前","139.869583","35.676926","2026-05-08 11:25:58","IN_TRANSIT_TO","船堀七丁目"
"C253","079","上26","上野公園","139.824615","35.701588","2026-05-08 11:25:58","IN_TRANSIT_TO","亀戸四丁目"
"E450","079","上26","亀戸駅前","139.771912","35.709785","2026-05-08 11:25:58","IN_TRANSIT_TO","上野公園"
"F671","081","秋26","秋葉原駅前","139.857986","35.669895","2026-05-08 11:25:58","IN_TRANSIT_TO","宇喜田"
"H982","081","秋26","秋葉原駅前","139.811646","35.682671","2026-05-08 11:25:58","IN_TRANSIT_TO","扇橋一丁目"
"B769","081","秋26","秋葉原駅前","139.777252","35.692238","2026-05-08 11:25:58","IN_TRANSIT_TO","岩本町一丁目"
"G718","081","秋26","葛西駅前","139.770813","35.696304","2026-05-08 11:25:58","IN_TRANSIT_TO","須田町"
"F669","081","秋26","葛西駅前","139.786835","35.687599","2026-05-08 11:25:58","IN_TRANSIT_TO","久松町"
"C275","081","秋26","葛西駅前","139.81929","35.682903","2026-05-08 11:25:58","IN_TRANSIT_TO","扇橋三丁目"
"B766","081","秋26","葛西駅前","139.854034","35.670708","2026-05-08 11:25:58","IN_TRANSIT_TO","葛西橋東詰"
"G785","082","亀26","亀戸駅前","139.83551","35.696972","2026-05-08 11:25:58","IN_TRANSIT_TO","亀戸七丁目"
"D338","082","亀26","今井","139.883575","35.685966","2026-05-08 11:25:58","IN_TRANSIT_TO","一之江駅前"
"K284","083","錦27","両国駅前","139.863831","35.702103","2026-05-08 11:25:58","IN_TRANSIT_TO","小松川警察署前"
"W400","083","錦27","小岩駅前","139.810303","35.695454","2026-05-08 11:25:58","IN_TRANSIT_TO","江東橋"
"H979","083","錦27","小岩駅前","139.867661","35.707634","2026-05-08 11:25:58","IN_TRANSIT_TO","江戸川区役所前"
"F665","084","錦27－2","船堀駅前","139.881851","35.728153","2026-05-08 11:25:58","IN_TRANSIT_TO","下小岩小学校前"
"W394","085","西葛27","臨海町二丁目団地前","139.859116","35.664448","2026-05-08 11:25:58","IN_TRANSIT_TO","西葛西駅前"
"G730","085","西葛27","西葛西駅前","139.854004","35.653484","2026-05-08 11:25:58","IN_TRANSIT_TO","東京臨海病院前"
"A595","085","西葛27","中左近橋","139.855972","35.653618","2026-05-08 11:25:58","IN_TRANSIT_TO","臨海町一丁目"
"B771","086","平28","東大島駅前","139.851685","35.69545","2026-05-08 11:25:58","IN_TRANSIT_TO","チェリーガーデン前"
"E458","087","両28","両国駅前","139.793976","35.699024","2026-05-08 11:25:58","IN_TRANSIT_TO","旧安田庭園前"
"E134","087","両28","葛西橋","139.826172","35.692451","2026-05-08 11:25:58","IN_TRANSIT_TO","五ノ橋"
"G719","087","両28","両国駅前","139.859009","35.647388","2026-05-08 11:25:58","IN_TRANSIT_TO","臨海車庫前"
"H985","087","両28","臨海車庫","139.861191","35.657364","2026-05-08 11:25:58","IN_TRANSIT_TO","新田住宅"
"F673","087","両28","両国駅前","139.827316","35.678989","2026-05-08 11:25:58","IN_TRANSIT_TO","北砂二丁目"
"A653","089","錦28","錦糸町駅前","139.83696","35.684402","2026-05-08 11:25:58","IN_TRANSIT_TO","北砂六丁目"
"Z518","089","錦28","東大島駅前","139.826614","35.687431","2026-05-08 11:25:58","IN_TRANSIT_TO","大島一丁目"
"M441","091","新小29","東新小岩四丁目","139.873062","35.699612","2026-05-08 11:25:58","IN_TRANSIT_TO","中央通り"
"A636","091","新小29","葛西駅前","139.873398","35.700111","2026-05-08 11:25:58","IN_TRANSIT_TO","中央通り"
"A635","091","新小29","葛西駅前","139.875687","35.671345","2026-05-08 11:25:58","IN_TRANSIT_TO","桑川町"
"E456","091","新小29","東新小岩四丁目","139.8694","35.660988","2026-05-08 11:25:58","IN_TRANSIT_TO","葛西駅通り"
"L352","091","新小29","東京臨海病院前","139.861526","35.717834","2026-05-08 11:25:58","IN_TRANSIT_TO","新小岩二丁目"
"Z524","091","新小29","東京臨海病院前","139.859131","35.653217","2026-05-08 11:25:58","IN_TRANSIT_TO","紅葉川高校前"
"B762","093","門33","豊海水産埠頭","139.800247","35.707943","2026-05-08 11:25:58","IN_TRANSIT_TO","吾妻橋一丁目"
"B763","093","門33","豊海水産埠頭","139.799118","35.680321","2026-05-08 11:25:58","IN_TRANSIT_TO","清澄庭園前"
"W433","093","門33","豊海水産埠頭","139.782211","35.662342","2026-05-08 11:25:58","IN_TRANSIT_TO","月島三丁目"
"G738","093","門33","亀戸駅前","139.785873","35.665344","2026-05-08 11:25:58","IN_TRANSIT_TO","月島駅前"
"G789","093","門33","亀戸駅前","139.797913","35.690731","2026-05-08 11:25:58","IN_TRANSIT_TO","千歳三丁目"
"M465","093","門33","亀戸駅前","139.809204","35.708942","2026-05-08 11:25:58","IN_TRANSIT_TO","とうきょうスカイツリー駅入口"
"E491","093","門33","亀戸駅前","139.825562","35.702461","2026-05-08 11:25:58","IN_TRANSIT_TO","亀戸四丁目"
"V380","092","亀29","亀戸駅前","139.8685","35.655876","2026-05-08 11:25:58","IN_TRANSIT_TO","新田"
"G725","092","亀29","亀戸駅前","139.857986","35.669895","2026-05-08 11:25:58","IN_TRANSIT_TO","宇喜田"
"G729","092","亀29","亀戸駅前","139.827316","35.678989","2026-05-08 11:25:58","IN_TRANSIT_TO","北砂二丁目"
"K285","092","亀29","西葛西駅前","139.827866","35.67709","2026-05-08 11:25:58","IN_TRANSIT_TO","境川"
"V341","092","亀29","西葛西駅前","139.854034","35.670708","2026-05-08 11:25:58","IN_TRANSIT_TO","葛西橋東詰"
"E447","096","草39","上野松坂屋前","139.823837","35.727386","2026-05-08 11:25:58","IN_TRANSIT_TO","東向島六丁目"
"Z509","096","草39","金町駅前","139.812088","35.717224","2026-05-08 11:25:58","IN_TRANSIT_TO","向島五丁目"
"Z511","096","草39","浅草寿町","139.858734","35.759754","2026-05-08 11:25:58","IN_TRANSIT_TO","新宿一丁目(にいじゅくいっちょうめ)"
"M431","096","草39","金町駅前","139.844406","35.745258","2026-05-08 11:25:58","IN_TRANSIT_TO","青戸車庫前"
"H963","094","錦37","錦糸町駅前","139.827682","35.726475","2026-05-08 11:25:58","IN_TRANSIT_TO","八広"
"B755","094","錦37","錦糸町駅前","139.814484","35.704777","2026-05-08 11:25:58","IN_TRANSIT_TO","横川三丁目"
"E452","094","錦37","青戸車庫前","139.813568","35.710823","2026-05-08 11:25:58","IN_TRANSIT_TO","押上駅前"
"C251","094","錦37","青戸車庫前","139.828644","35.725456","2026-05-08 11:25:58","IN_TRANSIT_TO","八広"
"A623","097","王40丙","王子駅前","139.738678","35.754196","2026-05-08 11:25:58","IN_TRANSIT_TO","王子駅前"
"E427","099","王40甲","西新井駅前","139.715103","35.732643","2026-05-08 11:25:58","IN_TRANSIT_TO","Hareza池袋"
"M407","099","王40甲","西新井駅前","139.721008","35.737476","2026-05-08 11:25:58","IN_TRANSIT_TO","上池袋三丁目"
"H897","099","王40甲","西新井駅前","139.728546","35.744678","2026-05-08 11:25:58","IN_TRANSIT_TO","西巣鴨"
"H899","099","王40甲","西新井駅前","139.738815","35.754341","2026-05-08 11:25:58","IN_TRANSIT_TO","王子駅前"
"F606","099","王40甲","西新井駅前","139.756226","35.762096","2026-05-08 11:25:58","IN_TRANSIT_TO","宮城二丁目"
"E426","099","王40甲","西新井駅前","139.756226","35.762096","2026-05-08 11:25:58","IN_TRANSIT_TO","宮城二丁目"
"G756","099","王40甲","西新井駅前","139.762039","35.76778","2026-05-08 11:25:58","IN_TRANSIT_TO","荒川土手"
"C239","099","王40甲","西新井駅前","139.78331","35.778183","2026-05-08 11:25:58","IN_TRANSIT_TO","栗原町"
"G750","099","王40甲","池袋駅東口","139.784637","35.776299","2026-05-08 11:25:58","IN_TRANSIT_TO","西新井駅入口"
"W455","099","王40甲","池袋駅東口","139.766724","35.770931","2026-05-08 11:25:58","IN_TRANSIT_TO","江北一丁目"
"G764","099","王40甲","池袋駅東口","139.763214","35.768803","2026-05-08 11:25:58","IN_TRANSIT_TO","荒川土手操車所前"
"E516","099","王40甲","池袋駅東口","139.747772","35.76226","2026-05-08 11:25:58","IN_TRANSIT_TO","豊島四丁目"
"B743","099","王40甲","池袋駅東口","139.738586","35.753704","2026-05-08 11:25:58","IN_TRANSIT_TO","王子駅前"
"E419","099","王40甲","池袋駅東口","139.733109","35.747684","2026-05-08 11:25:58","IN_TRANSIT_TO","滝野川二丁目"
"E418","099","王40甲","池袋駅東口","139.720016","35.736313","2026-05-08 11:25:58","IN_TRANSIT_TO","上池袋一丁目"
"L328","098","王40出入","池袋駅東口","139.736893","35.762756","2026-05-08 11:25:58","IN_TRANSIT_TO","王子四丁目"
"C243","100","王41","新田一丁目","139.743561","35.770367","2026-05-08 11:25:58","IN_TRANSIT_TO","新田三丁目"
"B750","101","草41","浅草寿町","139.791672","35.76186","2026-05-08 11:25:58","IN_TRANSIT_TO","放水路土手下"
"K247","101","草41","浅草寿町","139.778854","35.724384","2026-05-08 11:25:58","IN_TRANSIT_TO","上根岸"
"Z562","101","草41","足立梅田町","139.791946","35.711918","2026-05-08 11:25:58","IN_TRANSIT_TO","浅草一丁目"
"M419","101","草41","足立梅田町","139.776901","35.73605","2026-05-08 11:25:58","IN_TRANSIT_TO","荒川四丁目"
"C283","102","東42－1","東京駅八重洲口","139.801941","35.715923","2026-05-08 11:25:58","IN_TRANSIT_TO","隅田公園"
"E537","102","東42－1","南千住駅西口","139.788361","35.700729","2026-05-08 11:25:58","IN_TRANSIT_TO","蔵前一丁目"
"F613","105","東43","東京駅丸の内北口","139.762253","35.74987","2026-05-08 11:25:58","IN_TRANSIT_TO","小台"
"E420","105","東43","東京駅丸の内北口","139.761169","35.705105","2026-05-08 11:25:58","IN_TRANSIT_TO","本郷二丁目"
"E421","105","東43","荒川土手","139.761887","35.697285","2026-05-08 11:25:58","IN_TRANSIT_TO","駿河台下"
"F607","105","東43","荒川土手","139.760712","35.738754","2026-05-08 11:25:58","IN_TRANSIT_TO","田端駅前"
"V359","105","東43","駒込病院前","139.763214","35.768803","2026-05-08 11:25:58","IN_TRANSIT_TO","荒川土手操車所前"
"C238","105","東43","豊島五丁目団地","139.760849","35.756397","2026-05-08 11:25:58","IN_TRANSIT_TO","小台二丁目"
"M410","105","東43","江北駅前","139.763351","35.768951","2026-05-08 11:25:58","IN_TRANSIT_TO","荒川土手操車所前"
"H956","106","草43","浅草雷門","139.795303","35.735199","2026-05-08 11:25:58","IN_TRANSIT_TO","南千住六丁目"
"L333","106","草43","足立区役所","139.79248","35.716373","2026-05-08 11:25:58","IN_TRANSIT_TO","西浅草三丁目"
"D341","106","草43","足立区役所","139.803528","35.765556","2026-05-08 11:25:58","IN_TRANSIT_TO","千住車庫前"
"K243","107","端44","駒込病院前","139.775421","35.749496","2026-05-08 11:25:58","IN_TRANSIT_TO","東尾久六丁目"
"F589","107","端44","北千住駅前","139.764252","35.738274","2026-05-08 11:25:58","IN_TRANSIT_TO","東田端一丁目"
"B747","107","端44","北千住駅前","139.779694","35.749626","2026-05-08 11:25:58","IN_TRANSIT_TO","原中学校入口"
"W430","107","端44","北千住駅前","139.799377","35.750957","2026-05-08 11:25:58","IN_TRANSIT_TO","千住二丁目"
"K250","108","王45","北千住駅前","139.768875","35.755875","2026-05-08 11:25:58","IN_TRANSIT_TO","小台土手上"
"G757","108","王45","王子駅前","139.745743","35.770527","2026-05-08 11:25:58","IN_TRANSIT_TO","新田東"
"E454","110","北47","竹の塚駅前","139.801498","35.750629","2026-05-08 11:25:58","IN_TRANSIT_TO","千住二丁目"
"D348","110","北47","竹の塚駅前","139.803253","35.772495","2026-05-08 11:25:58","IN_TRANSIT_TO","弥生町"
"E438","110","北47","竹の塚駅前","139.802704","35.788357","2026-05-08 11:25:58","IN_TRANSIT_TO","六月町"
"D351","110","北47","北千住駅前","139.803177","35.782391","2026-05-08 11:25:58","IN_TRANSIT_TO","島根町"
"D350","110","北47","北千住駅前","139.803879","35.764717","2026-05-08 11:25:58","IN_TRANSIT_TO","千住車庫前"
"F590","110","北47","千住車庫前","139.800827","35.754002","2026-05-08 11:25:58","IN_TRANSIT_TO","千住四丁目"
"B798","109","上46","上野松坂屋前","139.80928","35.737057","2026-05-08 11:25:58","IN_TRANSIT_TO","汐入公園前"
"E444","109","上46","上野松坂屋前","139.787521","35.710339","2026-05-08 11:25:58","IN_TRANSIT_TO","菊屋橋"
"G778","109","上46","南千住駅東口","139.792206","35.713413","2026-05-08 11:25:58","IN_TRANSIT_TO","浅草公園六区"
"F643","109","上46","南千住駅東口","139.801697","35.735077","2026-05-08 11:25:58","IN_TRANSIT_TO","ドナウ通り"
"C281","109","上46","上野松坂屋前","139.797791","35.724117","2026-05-08 11:25:58","IN_TRANSIT_TO","吉原大門"
"G774","109","上46","南千住車庫前","139.772522","35.706856","2026-05-08 11:25:58","IN_TRANSIT_TO","上野松坂屋前"
"H955","116","王49","王子駅前","139.749298","35.778553","2026-05-08 11:25:58","IN_TRANSIT_TO","鹿浜橋"
"D343","116","王49","千住車庫前","139.77533","35.778221","2026-05-08 11:25:58","IN_TRANSIT_TO","第五中学校裏"
"K244","116","王49","千住車庫前","139.797546","35.770935","2026-05-08 11:25:58","IN_TRANSIT_TO","エル・ソフィア前"
"A630","116","王49","王子駅前","139.792892","35.778294","2026-05-08 11:25:58","IN_TRANSIT_TO","梅島三丁目"
"H954","116","王49","足立区役所","139.73465","35.768055","2026-05-08 11:25:58","IN_TRANSIT_TO","北区神谷町"
"H959","116","王49","足立区役所","139.798157","35.778683","2026-05-08 11:25:58","IN_TRANSIT_TO","東部病院前"
"A610","117","茶51","秋葉原駅前","139.753052","35.726986","2026-05-08 11:25:58","IN_TRANSIT_TO","吉祥寺前"
"C217","117","茶51","駒込駅南口","139.754288","35.722706","2026-05-08 11:25:58","IN_TRANSIT_TO","向丘二丁目"
"V354","118","王55","王子駅前","139.748001","35.765835","2026-05-08 11:25:58","IN_TRANSIT_TO","新豊橋"
"F603","118","王55","新田一丁目","139.722824","35.739101","2026-05-08 11:25:58","IN_TRANSIT_TO","上池袋四丁目"
"F599","118","王55","新田一丁目","139.747452","35.764839","2026-05-08 11:25:58","IN_TRANSIT_TO","新豊橋南"
"V362","118","王55","池袋駅東口","139.737381","35.755768","2026-05-08 11:25:58","IN_TRANSIT_TO","王子二丁目"
"E520","120","上58","上野松坂屋前","139.727982","35.717785","2026-05-08 11:25:58","IN_TRANSIT_TO","音羽二丁目"
"E519","120","上58","上野松坂屋前","139.736801","35.723141","2026-05-08 11:25:58","IN_TRANSIT_TO","千石三丁目"
"D360","120","上58","上野松坂屋前","139.761932","35.730263","2026-05-08 11:25:58","IN_TRANSIT_TO","道灌山下"
"A602","120","上58","上野松坂屋前","139.762863","35.720314","2026-05-08 11:25:58","IN_TRANSIT_TO","根津神社入口"
"F572","120","上58","早稲田","139.765579","35.717369","2026-05-08 11:25:58","IN_TRANSIT_TO","根津駅前"
"K235","120","上58","早稲田","139.750015","35.732574","2026-05-08 11:25:58","IN_TRANSIT_TO","上富士前"
"A604","120","上58","早稲田","139.736877","35.723","2026-05-08 11:25:58","IN_TRANSIT_TO","千石三丁目"
"G746","120","上58","早稲田","139.730896","35.709942","2026-05-08 11:25:58","IN_TRANSIT_TO","江戸川橋"
"G753","119","王57","豊島五丁目団地","139.722382","35.782227","2026-05-08 11:25:58","IN_TRANSIT_TO","赤羽二丁目"
"M100","119","王57","豊島五丁目団地","139.735886","35.765163","2026-05-08 11:25:58","IN_TRANSIT_TO","王子五丁目"
"G754","119","王57","赤羽駅東口","139.738708","35.753902","2026-05-08 11:25:58","IN_TRANSIT_TO","王子駅前"
"M408","119","王57","赤羽駅東口","139.725464","35.782661","2026-05-08 11:25:58","IN_TRANSIT_TO","岩淵町"
"L327","119","王57","豊島五丁目団地","139.74263","35.757168","2026-05-08 11:25:58","IN_TRANSIT_TO","豊島二丁目"
"E429","119","王57","王子駅前","139.743103","35.757362","2026-05-08 11:25:58","IN_TRANSIT_TO","豊島二丁目"
"Z514","121","上60","上野公園","139.733459","35.727474","2026-05-08 11:25:58","IN_TRANSIT_TO","巣鴨小学校前"
"F633","121","上60","大塚駅前","139.765579","35.717369","2026-05-08 11:25:58","IN_TRANSIT_TO","根津駅前"
"F582","122","白61","新宿駅西口","139.693253","35.7225","2026-05-08 11:25:58","IN_TRANSIT_TO","目白五丁目"
"C246","122","白61","新宿駅西口","139.717041","35.717361","2026-05-08 11:25:58","IN_TRANSIT_TO","高田一丁目"
"E512","122","白61","新宿駅西口","139.731369","35.711472","2026-05-08 11:25:58","IN_TRANSIT_TO","江戸川橋"
"K254","122","白61","新宿駅西口","139.726608","35.700569","2026-05-08 11:25:58","IN_TRANSIT_TO","牛込柳町駅前"
"M422","122","白61","新宿駅西口","139.717163","35.69109","2026-05-08 11:25:58","IN_TRANSIT_TO","市ヶ谷富久町"
"C221","122","白61","練馬車庫前","139.702545","35.693474","2026-05-08 11:25:58","IN_TRANSIT_TO","歌舞伎町"
"L332","122","白61","練馬車庫前","139.721893","35.692516","2026-05-08 11:25:58","IN_TRANSIT_TO","曙橋"
"K256","122","白61","練馬車庫前","139.726593","35.703671","2026-05-08 11:25:58","IN_TRANSIT_TO","牛込保健センター前"
"M425","122","白61","練馬車庫前","139.725906","35.713779","2026-05-08 11:25:58","IN_TRANSIT_TO","ホテル椿山荘東京前"
"F580","122","白61","練馬車庫前","139.710999","35.719875","2026-05-08 11:25:58","IN_TRANSIT_TO","目白警察署前"
"L331","122","白61","練馬車庫前","139.695053","35.721931","2026-05-08 11:25:58","IN_TRANSIT_TO","聖母病院入口"
"F581","122","白61","練馬車庫前","139.677994","35.729145","2026-05-08 11:25:58","IN_TRANSIT_TO","江原町中野通り"
"K253","122","白61","新宿駅西口","139.668884","35.737484","2026-05-08 11:25:58","IN_TRANSIT_TO","武蔵大学前"
"L310","125","橋63","新橋駅前","139.70462","35.701214","2026-05-08 11:25:58","IN_TRANSIT_TO","大久保二丁目"
"E495","125","橋63","新橋駅前","139.736694","35.695187","2026-05-08 11:25:58","IN_TRANSIT_TO","市谷田町"
"M379","125","橋63","小滝橋車庫前","139.744064","35.677517","2026-05-08 11:25:58","IN_TRANSIT_TO","国会議事堂前"
"C213","125","橋63","小滝橋車庫前","139.734146","35.697556","2026-05-08 11:25:58","IN_TRANSIT_TO","納戸町"
"W446","125","橋63","小滝橋車庫前","139.699753","35.70145","2026-05-08 11:25:58","IN_TRANSIT_TO","新大久保駅前"
"C225","126","草63","浅草寿町","139.722824","35.739101","2026-05-08 11:25:58","IN_TRANSIT_TO","上池袋四丁目"
"D904","126","草63","浅草寿町","139.738129","35.734058","2026-05-08 11:25:58","IN_TRANSIT_TO","巣鴨駅前"
"F632","126","草63","浅草寿町","139.759109","35.724899","2026-05-08 11:25:58","IN_TRANSIT_TO","千駄木一丁目"
"A612","126","草63","浅草寿町","139.781647","35.735664","2026-05-08 11:25:58","IN_TRANSIT_TO","荒川三丁目"
"G803","126","草63","浅草寿町","139.792587","35.714127","2026-05-08 11:25:58","IN_TRANSIT_TO","浅草公園六区"
"G802","126","草63","池袋駅東口","139.79248","35.716373","2026-05-08 11:25:58","IN_TRANSIT_TO","西浅草三丁目"
"G808","126","草63","池袋駅東口","139.780838","35.735737","2026-05-08 11:25:58","IN_TRANSIT_TO","荒川三丁目"
"E417","126","草63","池袋駅東口","139.763245","35.72522","2026-05-08 11:25:58","IN_TRANSIT_TO","団子坂下"
"H889","126","草63","池袋駅東口","139.743179","35.729099","2026-05-08 11:25:58","IN_TRANSIT_TO","千石一丁目(せんごくいっちょうめ（ぶんきょうく）)"
"K240","126","草63","池袋駅東口","139.723221","35.739231","2026-05-08 11:25:58","IN_TRANSIT_TO","上池袋四丁目"
"M391","126","草63","池袋駅東口","139.733765","35.738007","2026-05-08 11:25:58","IN_TRANSIT_TO","巣鴨四丁目"
"H888","126","草63","とげぬき地蔵前","139.733429","35.738647","2026-05-08 11:25:58","IN_TRANSIT_TO","巣鴨四丁目"
"G806","126","草63","池袋駅東口","139.71553","35.73267","2026-05-08 11:25:58","IN_TRANSIT_TO","Hareza池袋"
"E534","128","草64","浅草雷門南","139.725952","35.741898","2026-05-08 11:25:58","IN_TRANSIT_TO","堀割"
"C224","128","草64","浅草雷門南","139.763168","35.74255","2026-05-08 11:25:58","IN_TRANSIT_TO","田端新町三丁目"
"L324","128","草64","浅草雷門南","139.799026","35.716991","2026-05-08 11:25:58","IN_TRANSIT_TO","浅草六丁目"
"A609","128","草64","池袋駅東口","139.798691","35.716358","2026-05-08 11:25:58","IN_TRANSIT_TO","浅草六丁目"
"C226","128","草64","池袋駅東口","139.780838","35.735737","2026-05-08 11:25:58","IN_TRANSIT_TO","荒川三丁目"
"E532","128","草64","池袋駅東口","139.736359","35.749992","2026-05-08 11:25:58","IN_TRANSIT_TO","飛鳥山"
"E513","129","池65","池袋駅東口","139.683044","35.722591","2026-05-08 11:25:58","IN_TRANSIT_TO","落合南長崎駅前"
"G743","129","池65","池袋駅東口","139.706146","35.722008","2026-05-08 11:25:58","IN_TRANSIT_TO","目白駅前"
"F681","129","池65","江古田二丁目","139.712234","35.729053","2026-05-08 11:25:58","IN_TRANSIT_TO","池袋駅東口"
"L330","129","池65","江古田二丁目","139.697891","35.721874","2026-05-08 11:25:58","IN_TRANSIT_TO","下落合四丁目"
"W402","129","池65","江古田二丁目","139.679794","35.723034","2026-05-08 11:25:58","IN_TRANSIT_TO","西落合一丁目"
"D913","127","飯64","小滝橋車庫前","139.699326","35.712288","2026-05-08 11:25:58","IN_TRANSIT_TO","高田馬場三丁目"
"D911","127","飯64","小滝橋車庫前","139.735214","35.709141","2026-05-08 11:25:58","IN_TRANSIT_TO","石切橋"
"B720","127","飯64","小滝橋車庫前","139.75296","35.696159","2026-05-08 11:25:58","IN_TRANSIT_TO","まないた橋"
"A592","127","飯64","小滝橋車庫前","139.735428","35.708836","2026-05-08 11:25:58","IN_TRANSIT_TO","石切橋"
"C212","127","飯64","小滝橋車庫前","139.704132","35.713673","2026-05-08 11:25:58","IN_TRANSIT_TO","高田馬場駅前"
"B722","127","飯64","小滝橋車庫前","139.694809","35.709991","2026-05-08 11:25:58","IN_TRANSIT_TO","小滝橋"
"C214","131","上69","小滝橋車庫前","139.71698","35.711479","2026-05-08 11:25:58","IN_TRANSIT_TO","甘泉園公園前"
"A594","131","上69","小滝橋車庫前","139.746094","35.709827","2026-05-08 11:25:58","IN_TRANSIT_TO","伝通院前"
"K230","131","上69","小滝橋車庫前","139.770966","35.709393","2026-05-08 11:25:58","IN_TRANSIT_TO","上野公園"
"K228","131","上69","小滝橋車庫前","139.744003","35.707813","2026-05-08 11:25:58","IN_TRANSIT_TO","大曲"
"Z548","131","上69","小滝橋車庫前","139.721085","35.711094","2026-05-08 11:25:58","IN_TRANSIT_TO","早稲田"
"W445","133","高71","九段下","139.706207","35.708767","2026-05-08 11:25:58","IN_TRANSIT_TO","新宿スポーツセンター入口"
"C215","130","渋66","渋谷駅前","139.671509","35.675819","2026-05-08 11:25:58","IN_TRANSIT_TO","幡ヶ谷原町"
"E400","130","渋66","阿佐ヶ谷駅前","139.700211","35.659298","2026-05-08 11:25:58","IN_TRANSIT_TO","渋谷駅前"
"L318","130","渋66","阿佐ヶ谷駅前","139.657074","35.679348","2026-05-08 11:25:58","IN_TRANSIT_TO","釜寺"
"F567","130","渋66","阿佐ヶ谷駅前","139.647339","35.697685","2026-05-08 11:25:58","IN_TRANSIT_TO","新高円寺"
"Z532","138","宿75","三宅坂","139.706833","35.69566","2026-05-08 11:25:58","IN_TRANSIT_TO","日清食品前"
"E392","135","宿74","東京女子医大前","139.707199","35.697189","2026-05-08 11:25:58","IN_TRANSIT_TO","東新宿駅前"
"H867","135","宿74","新宿駅西口","139.717789","35.701164","2026-05-08 11:25:58","IN_TRANSIT_TO","戸山町"
"B705","141","黒77","千駄ヶ谷駅前","139.712402","35.673237","2026-05-08 11:25:58","IN_TRANSIT_TO","神宮前二丁目"
"G837","141","黒77","目黒駅前","139.722504","35.650337","2026-05-08 11:25:58","IN_TRANSIT_TO","広尾駅前（広尾橋）"
"E397","147","早77","新宿駅西口","139.707138","35.695465","2026-05-08 11:25:58","IN_TRANSIT_TO","日清食品前"
"C219","147","早77","早稲田","139.701218","35.692448","2026-05-08 11:25:58","IN_TRANSIT_TO","新宿駅東口"
"F575","147","早77","早稲田","139.71936","35.706364","2026-05-08 11:25:58","IN_TRANSIT_TO","馬場下町"
"M381","148","王78","王子駅前","139.654587","35.701847","2026-05-08 11:25:58","IN_TRANSIT_TO","高円寺南四丁目"
"F568","148","王78","王子駅前","139.700623","35.760128","2026-05-08 11:25:58","IN_TRANSIT_TO","富士見町都営住宅前"
"K231","148","王78","王子駅前","139.737381","35.755768","2026-05-08 11:25:58","IN_TRANSIT_TO","王子二丁目"
"L317","148","王78","新宿駅西口","139.715073","35.763805","2026-05-08 11:25:58","IN_TRANSIT_TO","上十条五丁目"
"G783","148","王78","新宿駅西口","139.653915","35.721165","2026-05-08 11:25:58","IN_TRANSIT_TO","野方駅北口"
"M383","148","王78","新宿駅西口","139.69455","35.693943","2026-05-08 11:25:58","IN_TRANSIT_TO","東京医大病院前"
"M385","152","池86","池袋駅東口","139.711639","35.725925","2026-05-08 11:25:58","IN_TRANSIT_TO","南池袋三丁目"
"F574","152","池86","池袋駅東口","139.703247","35.686829","2026-05-08 11:25:58","IN_TRANSIT_TO","千駄ヶ谷五丁目"
"Y489","152","池86","池袋駅東口","139.707092","35.670658","2026-05-08 11:25:58","IN_TRANSIT_TO","神宮前一丁目"
"F571","152","池86","池袋駅東口","139.702209","35.660294","2026-05-08 11:25:58","IN_TRANSIT_TO","渋谷駅東口"
"D361","152","池86","池袋駅東口","139.703644","35.689232","2026-05-08 11:25:58","IN_TRANSIT_TO","新宿四丁目"
"D304","152","池86","池袋駅東口","139.70845","35.703964","2026-05-08 11:25:58","IN_TRANSIT_TO","新宿コズミックセンター前"
"A603","152","池86","池袋駅東口","139.712036","35.715992","2026-05-08 11:25:58","IN_TRANSIT_TO","学習院下"
"K233","152","池86","池袋駅東口","139.721115","35.728779","2026-05-08 11:25:58","IN_TRANSIT_TO","池袋サンシャインシティ"
"B728","152","池86","池袋サンシャインシティ","139.708618","35.703831","2026-05-08 11:25:58","IN_TRANSIT_TO","新宿コズミックセンター前"
"F170","151","橋86","赤羽橋駅前","139.716568","35.634212","2026-05-08 11:25:58","IN_TRANSIT_TO","目黒駅前"
"C207","149","早81","早大正門","139.716034","35.68475","2026-05-08 11:25:58","IN_TRANSIT_TO","内藤町大京町"
"G816","149","早81","早大正門","139.705139","35.673561","2026-05-08 11:25:58","IN_TRANSIT_TO","原宿外苑中学校前"
"G735","154","渋88","新橋駅前","139.72757","35.661224","2026-05-08 11:25:58","IN_TRANSIT_TO","EXシアター六本木前"
"G826","154","渋88","渋谷駅前","139.754181","35.668652","2026-05-08 11:25:58","IN_TRANSIT_TO","東亞合成本社前"
"E531","153","田87","田町駅前","139.702057","35.659359","2026-05-08 11:25:58","IN_TRANSIT_TO","渋谷駅前"
"V328","153","田87","田町駅前","139.710434","35.648357","2026-05-08 11:25:58","IN_TRANSIT_TO","恵比寿駅前"
"G824","153","田87","田町駅前","139.725784","35.64447","2026-05-08 11:25:58","IN_TRANSIT_TO","北里研究所前"
"G820","153","田87","田町駅前","139.737122","35.644501","2026-05-08 11:25:58","IN_TRANSIT_TO","魚籃坂下"
"K219","153","田87","渋谷駅前","139.746521","35.646687","2026-05-08 11:25:58","IN_TRANSIT_TO","田町駅前"
"G831","153","田87","渋谷駅前","139.737","35.644196","2026-05-08 11:25:58","IN_TRANSIT_TO","魚籃坂下"
"L315","153","田87","渋谷駅前","139.729965","35.64381","2026-05-08 11:25:58","IN_TRANSIT_TO","三光坂下"
"B790","153","田87","渋谷駅前","139.710419","35.647781","2026-05-08 11:25:58","IN_TRANSIT_TO","恵比寿駅前"
"V320","157","品91","品川駅港南口","139.741165","35.628632","2026-05-08 11:25:58","IN_TRANSIT_TO","品川駅港南口"
"K210","157","品91","品川駅港南口","139.747559","35.610806","2026-05-08 11:25:58","IN_TRANSIT_TO","都立八潮高校前"
"B711","157","品91","品川駅港南口","139.754288","35.598793","2026-05-08 11:25:58","IN_TRANSIT_TO","八潮東"
"Z537","157","品91","品川駅港南口","139.747314","35.610546","2026-05-08 11:25:58","IN_TRANSIT_TO","都立八潮高校前"
"B723","158","宿91","新代田駅前","139.65918","35.675591","2026-05-08 11:25:58","IN_TRANSIT_TO","和泉一丁目"
"W458","158","宿91","杉並車庫前","139.654358","35.69236","2026-05-08 11:25:58","IN_TRANSIT_TO","堀ノ内"
"V322","160","井92","大井町駅東口","139.753082","35.605503","2026-05-08 11:25:58","IN_TRANSIT_TO","品川総合福祉センター前"
"K213","160","井92","大井町駅東口","139.744705","35.606724","2026-05-08 11:25:58","IN_TRANSIT_TO","東京工科専門学校前"
"Y485","161","品93","目黒駅前","139.745941","35.604153","2026-05-08 11:25:58","IN_TRANSIT_TO","鮫洲運転免許試験場前"
"A576","161","品93","目黒駅前","139.74646","35.619843","2026-05-08 11:25:58","IN_TRANSIT_TO","天王洲橋"
"L303","161","品93","目黒駅前","139.740494","35.622536","2026-05-08 11:25:58","IN_TRANSIT_TO","品川車庫前"
"B712","161","品93","目黒駅前","139.723129","35.636497","2026-05-08 11:25:58","IN_TRANSIT_TO","白金台五丁目"
"Y486","161","品93","大井競馬場前","139.732437","35.630268","2026-05-08 11:25:58","IN_TRANSIT_TO","グランドプリンスホテル新高輪前"
"H854","161","品93","大井競馬場前","139.747925","35.61586","2026-05-08 11:25:58","IN_TRANSIT_TO","東品川三丁目"
"M372","161","品93","大井競馬場前","139.746399","35.604786","2026-05-08 11:25:58","IN_TRANSIT_TO","鮫洲運転免許試験場前"
"K215","161","品93","目黒駅前","139.723129","35.636497","2026-05-08 11:25:58","IN_TRANSIT_TO","白金台五丁目"
"A573","163","浜95","東京タワー","139.758835","35.650501","2026-05-08 11:25:58","IN_TRANSIT_TO","日の出桟橋入口"
"L301","163","浜95","品川駅港南口","139.745407","35.632511","2026-05-08 11:25:58","IN_TRANSIT_TO","港南一丁目"
"F171","165","品96","りんかい線天王洲アイル駅前","139.747437","35.628998","2026-05-08 11:25:58","IN_TRANSIT_TO","東京海洋大学本部前"
"E374","166","反96","六本木ヒルズ","139.736389","35.652035","2026-05-08 11:25:58","IN_TRANSIT_TO","二ノ橋"
"E370","166","反96","五反田駅","139.73613","35.644558","2026-05-08 11:25:58","IN_TRANSIT_TO","魚籃坂下"
"D925","169","品97","新宿駅西口","139.737411","35.641476","2026-05-08 11:25:58","IN_TRANSIT_TO","高輪一丁目"
"K224","169","品97","新宿駅西口","139.723587","35.6623","2026-05-08 11:25:58","IN_TRANSIT_TO","墓地下"
"D923","169","品97","新宿駅西口","139.710327","35.688545","2026-05-08 11:25:58","IN_TRANSIT_TO","新宿二丁目"
"L308","169","品97","品川駅高輪口","139.719482","35.680759","2026-05-08 11:25:58","IN_TRANSIT_TO","信濃町駅前"
"K280","169","品97","品川駅高輪口","139.727448","35.646877","2026-05-08 11:25:58","IN_TRANSIT_TO","光林寺前"
"H855","170","品98","大田市場","139.745285","35.624104","2026-05-08 11:25:58","IN_TRANSIT_TO","楽水橋（品川車庫入口）"
"B707","170","品98","大田市場","139.76973","35.593246","2026-05-08 11:25:58","IN_TRANSIT_TO","八潮二丁目"
"A572","170","品98","品川駅港南口","139.765854","35.5854","2026-05-08 11:25:58","IN_TRANSIT_TO","ダイトー大井物流センター前"
"F635","170","品98","品川駅港南口","139.753006","35.616535","2026-05-08 11:25:58","IN_TRANSIT_TO","若潮橋"
"Y484","173","品99","品川駅港南口","139.756088","35.628101","2026-05-08 11:25:58","IN_TRANSIT_TO","東京出入国在留管理局前"
"W422","173","品99","品川駅港南口","139.757599","35.631508","2026-05-08 11:25:58","IN_TRANSIT_TO","品川埠頭"
"W421","173","品99","品川駅港南口","139.750839","35.631241","2026-05-08 11:25:58","IN_TRANSIT_TO","港南四丁目"
"V321","173","品99","東京出入国在留管理局前","139.741196","35.628853","2026-05-08 11:25:58","IN_TRANSIT_TO","品川駅港南口"
"F626","173","品99","品川駅港南口","139.748169","35.631401","2026-05-08 11:25:58","IN_TRANSIT_TO","港南中学校前"
"A640","175","臨海28－1","葛西臨海公園駅前","139.882584","35.685883","2026-05-08 11:25:58","IN_TRANSIT_TO","一之江駅前"
"A644","175","臨海28－1","葛西臨海公園駅前","139.873276","35.663071","2026-05-08 11:25:58","IN_TRANSIT_TO","葛西駅前"
"A601","175","臨海28－1","一之江駅前","139.873749","35.668633","2026-05-08 11:25:58","IN_TRANSIT_TO","長島町交差点"
"K262","181","都05－2","東京駅丸の内南口","139.78746","35.63068","2026-05-08 11:25:58","IN_TRANSIT_TO","武蔵野大学前"
"M444","181","都05－2","東京駅丸の内南口","139.792801","35.639442","2026-05-08 11:25:58","IN_TRANSIT_TO","有明二丁目"
"M458","181","都05－2","東京駅丸の内南口","139.788559","35.648293","2026-05-08 11:25:58","IN_TRANSIT_TO","新豊洲駅前"
"K180","181","都05－2","東京駅丸の内南口","139.76886","35.667885","2026-05-08 11:25:58","IN_TRANSIT_TO","築地"
"M448","181","都05－2","東京ビッグサイト","139.764816","35.680679","2026-05-08 11:25:58","IN_TRANSIT_TO","東京駅丸の内南口"
"M446","181","都05－2","東京ビッグサイト","139.762711","35.6754","2026-05-08 11:25:58","IN_TRANSIT_TO","有楽町駅前"
"M450","181","都05－2","東京ビッグサイト","139.770355","35.666985","2026-05-08 11:25:58","IN_TRANSIT_TO","築地三丁目"
"G175","181","都05－2","東京ビッグサイト","139.789658","35.64772","2026-05-08 11:25:58","IN_TRANSIT_TO","新豊洲駅前"
"L359","181","都05－2","東京駅丸の内南口","139.762543","35.675583","2026-05-08 11:25:58","IN_TRANSIT_TO","有楽町駅前"
"E462","176","臨海28－2","臨海車庫","139.872375","35.650658","2026-05-08 11:25:58","IN_TRANSIT_TO","総合レクリエーション公園前"
"M440","176","臨海28－2","コーシャハイム南葛西","139.87323","35.66246","2026-05-08 11:25:58","IN_TRANSIT_TO","葛西駅前"
"D929","177","錦40","錦糸町駅前","139.816666","35.724289","2026-05-08 11:25:58","IN_TRANSIT_TO","百花園前"
"D926","177","錦40","南千住駅東口","139.816193","35.724461","2026-05-08 11:25:58","IN_TRANSIT_TO","百花園前"
"A665","183","都05－1出入","深川車庫前","139.797256","35.654156","2026-05-08 11:25:58","IN_TRANSIT_TO","豊洲駅前"
"A671","184","都05－1","東京駅丸の内南口","139.772781","35.647358","2026-05-08 11:25:58","IN_TRANSIT_TO","晴海埠頭"
"D910","184","都05－1","東京駅丸の内南口","139.778168","35.658638","2026-05-08 11:25:58","IN_TRANSIT_TO","勝どき駅前"
"D909","184","都05－1","東京駅丸の内南口","139.770096","35.666859","2026-05-08 11:25:58","IN_TRANSIT_TO","築地三丁目"
"A667","184","都05－1","晴海埠頭","139.763351","35.677467","2026-05-08 11:25:58","IN_TRANSIT_TO","東京国際フォーラム前"
"K179","184","都05－1","晴海埠頭","139.769302","35.667866","2026-05-08 11:25:58","IN_TRANSIT_TO","築地"
"A664","184","都05－1","晴海埠頭","139.778519","35.658684","2026-05-08 11:25:58","IN_TRANSIT_TO","勝どき駅前"
"A647","190","陽12－1","東陽町駅前","139.816208","35.664021","2026-05-08 11:25:58","IN_TRANSIT_TO","東陽橋南"
"C247","195","東42－2","東神田","139.798431","35.731308","2026-05-08 11:25:58","IN_TRANSIT_TO","南千住車庫前"
"C282","195","東42－2","南千住車庫前","139.8004","35.71368","2026-05-08 11:25:58","IN_TRANSIT_TO","花川戸"
"L338","195","東42－2","東神田","139.78685","35.697952","2026-05-08 11:25:58","IN_TRANSIT_TO","浅草橋駅前"
"G770","195","東42－2","南千住駅西口","139.799225","35.729305","2026-05-08 11:25:58","IN_TRANSIT_TO","泪橋"
"D917","196","里48－2","日暮里駅前","139.768295","35.736671","2026-05-08 11:25:58","IN_TRANSIT_TO","西日暮里六丁目"
"D903","196","里48－2","日暮里駅前","139.769836","35.748386","2026-05-08 11:25:58","IN_TRANSIT_TO","熊野前"
"A611","198","上01","東大構内","139.764038","35.711018","2026-05-08 11:25:58","IN_TRANSIT_TO","東大病院前"
"H891","198","上01","東大構内","139.774078","35.711239","2026-05-08 11:25:58","IN_TRANSIT_TO","上野公園山下"
"B732","280","梅70","花小金井駅北口","139.3685","35.761646","2026-05-08 11:25:58","IN_TRANSIT_TO","新道"
"B730","280","梅70","青梅車庫","139.46846","35.730133","2026-05-08 11:25:58","IN_TRANSIT_TO","小川町二丁目"
"H881","280","梅70","青梅車庫","139.253525","35.789948","2026-05-08 11:25:58","IN_TRANSIT_TO","上町"
"E410","280","梅70","花小金井駅北口","139.512909","35.730488","2026-05-08 11:25:58","IN_TRANSIT_TO","小平合同庁舎前"
"E415","280","梅70","青梅車庫","139.377579","35.759075","2026-05-08 11:25:58","IN_TRANSIT_TO","峰"
"H876","281","梅74甲","裏宿町","139.262787","35.789104","2026-05-08 11:25:58","IN_TRANSIT_TO","西分二丁目"
"A605","281","梅74甲","青梅駅前","139.275238","35.790028","2026-05-08 11:25:58","IN_TRANSIT_TO","六万公園前"
"E412","283","梅76甲","裏宿町","139.209213","35.835785","2026-05-08 11:25:58","IN_TRANSIT_TO","大指"
"H882","285","梅76丙","吉野","139.25798","35.790169","2026-05-08 11:25:58","IN_TRANSIT_TO","青梅駅前"
"B731","285","梅76丙","青梅駅前","139.213669","35.796886","2026-05-08 11:25:58","IN_TRANSIT_TO","柚木"
"E406","287","梅77乙","青梅駅前","139.260956","35.78878","2026-05-08 11:25:58","IN_TRANSIT_TO","住吉神社前"
"E413","286","梅77甲","青梅駅前","139.273788","35.79393","2026-05-08 11:25:58","IN_TRANSIT_TO","光明寺下"
