"captured_at_jst","source","vehicle_id","vehicle_label","trip_id","route_id","route_short_name","route_display_name","destination","latitude","longitude","current_status","stop_id","stop_name","next_stop_name","current_stop_name","timestamp","feed_timestamp"
"2026-05-08 11:25:58","odpt","H853","H853","00106-1-01-170-1123","003","市01","市01 豊洲市場行","豊洲市場","35.666885","139.758499","IN_TRANSIT_TO","0737-01","新橋駅前","新橋駅前",,"1778206984","1778207149"
"2026-05-08 11:25:58","odpt","G840","G840","00106-2-01-170-1107","003","市01","市01 新橋駅前行","新橋駅前","35.664505","139.767227","IN_TRANSIT_TO","2579-02","国立がん研究センター前","国立がん研究センター前",,"1778207092","1778207149"
"2026-05-08 11:25:58","odpt","G828","G828","08403-2-09-172-1120","008","RH01","RH01 渋谷駅前行","渋谷駅前","35.659233","139.730606","IN_TRANSIT_TO","2481-02","六本木けやき坂","六本木けやき坂",,"1778206986","1778207149"
"2026-05-08 11:25:58","odpt","F558","F558","08403-2-09-172-1107","008","RH01","RH01 渋谷駅前行","渋谷駅前","35.658092","139.707977","IN_TRANSIT_TO","0005-03","渋谷三丁目","渋谷三丁目",,"1778207072","1778207149"
"2026-05-08 11:25:58","odpt","F552","F552","08501-1-09-172-1120","006","都01（T01）","都01（T01） 新橋駅前行","新橋駅前","35.658806","139.702377","IN_TRANSIT_TO","0636-06","渋谷駅前","渋谷駅前",,"1778206803","1778207149"
"2026-05-08 11:25:58","odpt","G825","G825","08501-1-09-172-1105","006","都01（T01）","都01（T01） 新橋駅前行","新橋駅前","35.666302","139.737656","IN_TRANSIT_TO","1610-04","六本木一丁目駅前","六本木一丁目駅前",,"1778207114","1778207149"
"2026-05-08 11:25:58","odpt","E381","E381","08501-1-09-172-1056","006","都01（T01）","都01（T01） 新橋駅前行","新橋駅前","35.670429","139.747803","IN_TRANSIT_TO","2033-05","商船三井本社ビル前","商船三井本社ビル前",,"1778207048","1778207149"
"2026-05-08 11:25:58","odpt","D318","D318","08501-1-09-172-1048","006","都01（T01）","都01（T01） 新橋駅前行","新橋駅前","35.668896","139.754181","IN_TRANSIT_TO","1159-04","東亞合成本社前","東亞合成本社前",,"1778207026","1778207149"
"2026-05-08 11:25:58","odpt","B787","B787","08501-2-09-172-1108","006","都01（T01）","都01（T01） 渋谷駅前行","渋谷駅前","35.668652","139.754181","IN_TRANSIT_TO","1159-05","東亞合成本社前","東亞合成本社前",,"1778207022","1778207149"
"2026-05-08 11:25:58","odpt","E382","E382","08501-2-09-172-1059","006","都01（T01）","都01（T01） 渋谷駅前行","渋谷駅前","35.666245","139.738312","IN_TRANSIT_TO","1610-05","六本木一丁目駅前","六本木一丁目駅前",,"1778207120","1778207149"
"2026-05-08 11:25:58","odpt","D311","D311","08501-2-09-172-1050","006","都01（T01）","都01（T01） 渋谷駅前行","渋谷駅前","35.662521","139.73114","IN_TRANSIT_TO","1609-02","六本木駅前","六本木駅前",,"1778207002","1778207149"
"2026-05-08 11:25:58","odpt","G734","G734","08501-2-09-172-1040","006","都01（T01）","都01（T01） 渋谷駅前行","渋谷駅前","35.659855","139.724625","IN_TRANSIT_TO","1130-03","西麻布","西麻布",,"1778206917","1778207149"
"2026-05-08 11:25:58","odpt","E388","E388","08505-1-09-172-1125","006","都01（T01）","都01（T01） 赤坂アークヒルズ行","赤坂アークヒルズ","35.658806","139.702377","IN_TRANSIT_TO","0636-06","渋谷駅前","渋谷駅前",,"1778207104","1778207149"
"2026-05-08 11:25:58","odpt","G830","G830","08505-1-09-172-1115","006","都01（T01）","都01（T01） 赤坂アークヒルズ行","赤坂アークヒルズ","35.659405","139.718216","IN_TRANSIT_TO","1469-04","南青山七丁目","南青山七丁目",,"1778207124","1778207149"
"2026-05-08 11:25:58","odpt","D329","D329","08505-1-09-172-1110","006","都01（T01）","都01（T01） 赤坂アークヒルズ行","赤坂アークヒルズ","35.65976","139.722397","IN_TRANSIT_TO","1130-01","西麻布","西麻布",,"1778206991","1778207149"
"2026-05-08 11:25:58","odpt","F559","F559","08505-2-09-172-1120","006","都01（T01）","都01（T01） 渋谷駅前行","渋谷駅前","35.66489","139.735962","IN_TRANSIT_TO","1611-07","六本木四丁目","六本木四丁目",,"1778206982","1778207149"
"2026-05-08 11:25:58","odpt","M402","M402","08505-2-09-172-1111","006","都01（T01）","都01（T01） 渋谷駅前行","渋谷駅前","35.659855","139.724625","IN_TRANSIT_TO","1130-03","西麻布","西麻布",,"1778206961","1778207149"
"2026-05-08 11:25:58","odpt","D513","D513","73804-3-81-170-1115","015","江東01","江東01 潮見駅前行","潮見駅前","35.647259","139.816727","IN_TRANSIT_TO","2493-01","港湾住宅前","港湾住宅前",,"1778207009","1778207149"
"2026-05-08 11:25:58","odpt","E139","E139","72801-1-85-170-1107","018","海01（KM01）","海01（KM01） 東京テレポート駅前行","東京テレポート駅前","35.654156","139.797256","IN_TRANSIT_TO","1025-11","豊洲駅前","豊洲駅前",,"1778207038","1778207149"
"2026-05-08 11:25:58","odpt","E137","E137","72801-1-85-170-1045","018","海01（KM01）","海01（KM01） 東京テレポート駅前行","東京テレポート駅前","35.625782","139.7715","IN_TRANSIT_TO","2329-02","台場駅前","台場駅前",,"1778207103","1778207149"
"2026-05-08 11:25:58","odpt","L368","L368","72801-2-85-170-1115","018","海01（KM01）","海01（KM01） 門前仲町行","門前仲町","35.627785","139.774643","IN_TRANSIT_TO","2346-01","フジテレビ前","フジテレビ前",,"1778207104","1778207149"
"2026-05-08 11:25:58","odpt","C278","C278","72801-2-85-170-1055","018","海01（KM01）","海01（KM01） 門前仲町行","門前仲町","35.649075","139.8013","IN_TRANSIT_TO","0621-04","東雲橋交差点","東雲橋交差点",,"1778207073","1778207149"
"2026-05-08 11:25:58","odpt","W412","W412","72812-1-85-170-1118","018","海01（KM01）","海01（KM01） 東京テレポート駅前行","東京テレポート駅前","35.665047","139.79631","IN_TRANSIT_TO","1050-02","都立三商前","都立三商前",,"1778207115","1778207149"
"2026-05-08 11:25:58","odpt","B765","B765","72812-1-85-170-1056","018","海01（KM01）","海01（KM01） 東京テレポート駅前行","東京テレポート駅前","35.643581","139.797714","IN_TRANSIT_TO","1502-02","都橋住宅前","都橋住宅前",,"1778207070","1778207149"
"2026-05-08 11:25:58","odpt","M188","M188","72812-2-85-170-1111","018","海01（KM01）","海01（KM01） 門前仲町行","門前仲町","35.639442","139.792801","IN_TRANSIT_TO","0077-01","有明二丁目","有明二丁目",,"1778207079","1778207149"
"2026-05-08 11:25:58","odpt","E140","E140","72812-2-85-170-1051","018","海01（KM01）","海01（KM01） 門前仲町行","門前仲町","35.661636","139.799408","IN_TRANSIT_TO","2204-01","浜園橋","浜園橋",,"1778207047","1778207149"
"2026-05-08 11:25:58","odpt","D915","D915","16201-1-29-170-1121","019","学02","学02 早大正門行","早大正門","35.711414","139.710785","IN_TRANSIT_TO","0857-04","高田馬場二丁目","高田馬場二丁目",,"1778207061","1778207149"
"2026-05-08 11:25:58","odpt","Z550","Z550","16201-1-29-170-1115","019","学02","学02 早大正門行","早大正門","35.706886","139.718704","IN_TRANSIT_TO","1258-02","馬場下町","馬場下町",,"1778207013","1778207149"
"2026-05-08 11:25:58","odpt","K229","K229","16201-2-29-170-1123","019","学02","学02 高田馬場駅前行","高田馬場駅前","35.70863","139.72168","IN_TRANSIT_TO","0839-06","早大正門","早大正門",,"1778207022","1778207149"
"2026-05-08 11:25:58","odpt","A591","A591","16201-2-29-170-1117","019","学02","学02 高田馬場駅前行","高田馬場駅前","35.711182","139.710892","IN_TRANSIT_TO","0857-02","高田馬場二丁目","高田馬場二丁目",,"1778207035","1778207149"
"2026-05-08 11:25:58","odpt","B739","B739","32301-1-45-170-1117","020","都02","都02 錦糸町駅前行","錦糸町駅前","35.72073","139.732651","IN_TRANSIT_TO","0244-03","大塚三丁目","大塚三丁目",,"1778207074","1778207149"
"2026-05-08 11:25:58","odpt","C218","C218","32301-1-45-170-1107","020","都02","都02 錦糸町駅前行","錦糸町駅前","35.710854","139.745865","IN_TRANSIT_TO","0961-04","伝通院前","伝通院前",,"1778207118","1778207149"
"2026-05-08 11:25:58","odpt","M395","M395","32301-1-45-170-1057","020","都02","都02 錦糸町駅前行","錦糸町駅前","35.707504","139.764801","IN_TRANSIT_TO","1575-02","湯島四丁目","湯島四丁目",,"1778207055","1778207149"
"2026-05-08 11:25:58","odpt","K237","K237","32301-1-45-170-1047","020","都02","都02 錦糸町駅前行","錦糸町駅前","35.707413","139.77919","IN_TRANSIT_TO","1267-01","東上野一丁目","東上野一丁目",,"1778207094","1778207149"
"2026-05-08 11:25:58","odpt","F631","F631","32301-1-45-170-1037","020","都02","都02 錦糸町駅前行","錦糸町駅前","35.702847","139.797043","IN_TRANSIT_TO","1416-01","本所一丁目","本所一丁目",,"1778207064","1778207149"
"2026-05-08 11:25:58","odpt","D303","D303","32301-1-45-170-1027","020","都02","都02 錦糸町駅前行","錦糸町駅前","35.700184","139.814865","IN_TRANSIT_TO","0851-02","太平三丁目","太平三丁目",,"1778207108","1778207149"
"2026-05-08 11:25:58","odpt","H884","H884","32301-2-45-170-1121","020","都02","都02 大塚駅前行","大塚駅前","35.700928","139.811157","IN_TRANSIT_TO","0850-01","太平一丁目","太平一丁目",,"1778207100","1778207149"
"2026-05-08 11:25:58","odpt","H890","H890","32301-2-45-170-1111","020","都02","都02 大塚駅前行","大塚駅前","35.700325","139.800751","IN_TRANSIT_TO","0095-02","石原二丁目","石原二丁目",,"1778207080","1778207149"
"2026-05-08 11:25:58","odpt","L322","L322","32301-2-45-170-1102","020","都02","都02 大塚駅前行","大塚駅前","35.70689","139.782516","IN_TRANSIT_TO","1535-02","新御徒町駅前","新御徒町駅前",,"1778207129","1778207149"
"2026-05-08 11:25:58","odpt","F624","F624","32301-2-45-170-1053","020","都02","都02 大塚駅前行","大塚駅前","35.707363","139.764496","IN_TRANSIT_TO","1575-01","湯島四丁目","湯島四丁目",,"1778207100","1778207149"
"2026-05-08 11:25:58","odpt","C228","C228","32301-2-45-170-1044","020","都02","都02 大塚駅前行","大塚駅前","35.709164","139.748596","IN_TRANSIT_TO","1018-01","富坂上","富坂上",,"1778207099","1778207149"
"2026-05-08 11:25:58","odpt","M392","M392","32301-2-45-170-1035","020","都02","都02 大塚駅前行","大塚駅前","35.718304","139.735718","IN_TRANSIT_TO","0242-01","窪町小学校","窪町小学校",,"1778207094","1778207149"
"2026-05-08 11:25:58","odpt","Z512","Z512","32301-2-45-170-1026","020","都02","都02 大塚駅前行","大塚駅前","35.720745","139.73233","IN_TRANSIT_TO","0244-01","大塚三丁目","大塚三丁目",,"1778207055","1778207149"
"2026-05-08 11:25:58","odpt","A617","A617","32202-1-45-170-1120","021","都02乙","都02乙 東京ドームシティ行","東京ドームシティ","35.728161","139.715744","IN_TRANSIT_TO","1264-01","東池袋一丁目","東池袋一丁目",,"1778207093","1778207149"
"2026-05-08 11:25:58","odpt","A580","A580","73507-1-06-170-1120","023","都03","都03 四谷駅行","四谷駅","35.653961","139.779465","IN_TRANSIT_TO","1251-01","ホテルマリナーズコート東京前","ホテルマリナーズコート東京前",,"1778207043","1778207149"
"2026-05-08 11:25:58","odpt","H862","H862","73507-2-06-170-1058","023","都03","都03 晴海五丁目ターミナル行","晴海五丁目ターミナル","35.660614","139.776581","IN_TRANSIT_TO","0325-02","勝どき橋南詰","勝どき橋南詰",,"1778207121","1778207149"
"2026-05-08 11:25:58","odpt","A624","A624","44103-3-37-170-1123","027","学05","学05 目白駅前行","目白駅前","35.721146","139.70787","IN_TRANSIT_TO","1529-07","目白駅前","目白駅前",,"1778206997","1778207149"
"2026-05-08 11:25:58","odpt","H866","H866","08004-1-09-172-1125","024","学03","学03 日赤医療センター前行","日赤医療センター前","35.659187","139.701828","IN_TRANSIT_TO","0636-05","渋谷駅前","渋谷駅前",,"1778207112","1778207149"
"2026-05-08 11:25:58","odpt","K217","K217","08004-1-09-172-1119","024","学03","学03 日赤医療センター前行","日赤医療センター前","35.65847","139.707397","IN_TRANSIT_TO","0005-01","渋谷三丁目","渋谷三丁目",,"1778207065","1778207149"
"2026-05-08 11:25:58","odpt","L316","L316","08004-1-09-172-1113","024","学03","学03 日赤医療センター前行","日赤医療センター前","35.655216","139.713272","IN_TRANSIT_TO","1323-03","東四丁目","東四丁目",,"1778207082","1778207149"
"2026-05-08 11:25:58","odpt","K220","K220","08004-2-09-172-1124","024","学03","学03 渋谷駅前行","渋谷駅前","35.655174","139.717667","IN_TRANSIT_TO","1175-01","日赤医療センター前","日赤医療センター前",,"1778207051","1778207149"
"2026-05-08 11:25:58","odpt","A585","A585","08004-2-09-172-1118","024","学03","学03 渋谷駅前行","渋谷駅前","35.6577","139.710587","IN_TRANSIT_TO","0006-01","青山学院初等部前","青山学院初等部前",,"1778207111","1778207149"
"2026-05-08 11:25:58","odpt","H983","H983","72301-1-69-170-1119","026","都04","都04 東京駅丸の内南口行","東京駅丸の内南口","35.658115","139.775711","IN_TRANSIT_TO","0327-02","勝どき三丁目","勝どき三丁目",,"1778207053","1778207149"
"2026-05-08 11:25:58","odpt","C203","C203","72301-1-06-170-1107","026","都04","都04 東京駅丸の内南口行","東京駅丸の内南口","35.670567","139.765686","IN_TRANSIT_TO","0448-07","銀座四丁目","銀座四丁目",,"1778206978","1778207149"
"2026-05-08 11:25:58","odpt","H860","H860","72301-2-06-170-1124","026","都04","都04 豊海水産埠頭行","豊海水産埠頭","35.680859","139.764694","IN_TRANSIT_TO","0966-02","東京駅丸の内南口","東京駅丸の内南口",,"1778207047","1778207149"
"2026-05-08 11:25:58","odpt","G780","G780","72301-2-06-170-1112","026","都04","都04 豊海水産埠頭行","豊海水産埠頭","35.667866","139.769302","IN_TRANSIT_TO","0939-01","築地","築地",,"1778207127","1778207149"
"2026-05-08 11:25:58","odpt","F569","F569","72301-2-06-170-1101","026","都04","都04 豊海水産埠頭行","豊海水産埠頭","35.656155","139.773285","IN_TRANSIT_TO","1127-01","新島橋","新島橋",,"1778207042","1778207149"
"2026-05-08 11:25:58","odpt","G832","G832","08102-1-09-172-1123","032","学06","学06 日赤医療センター前行","日赤医療センター前","35.64698","139.709442","IN_TRANSIT_TO","0183-01","恵比寿駅前","恵比寿駅前",,"1778206985","1778207149"
"2026-05-08 11:25:58","odpt","L313","L313","08102-1-09-172-1115","032","学06","学06 日赤医療センター前行","日赤医療センター前","35.655811","139.717575","IN_TRANSIT_TO","0970-02","東京女学館前","東京女学館前",,"1778207111","1778207149"
"2026-05-08 11:25:58","odpt","C210","C210","08102-2-09-172-1120","032","学06","学06 恵比寿駅前行","恵比寿駅前","35.65242","139.71347","IN_TRANSIT_TO","1356-02","広尾高校前","広尾高校前",,"1778207095","1778207149"
"2026-05-08 11:25:58","odpt","B791","B791","08601-1-09-172-1118","031","都06","都06 新橋駅前行","新橋駅前","35.65234","139.709045","IN_TRANSIT_TO","1322-01","東二丁目","東二丁目",,"1778207049","1778207149"
"2026-05-08 11:25:58","odpt","G827","G827","08601-1-09-172-1102","031","都06","都06 新橋駅前行","新橋駅前","35.64716","139.736053","IN_TRANSIT_TO","1380-01","古川橋","古川橋",,"1778207102","1778207149"
"2026-05-08 11:25:58","odpt","L312","L312","08601-1-09-172-1046","031","都06","都06 新橋駅前行","新橋駅前","35.657478","139.754608","IN_TRANSIT_TO","0919-01","大門駅前","大門駅前",,"1778207044","1778207149"
"2026-05-08 11:25:58","odpt","F556","F556","08601-2-09-172-1124","031","都06","都06 渋谷駅前行","渋谷駅前","35.665936","139.759247","IN_TRANSIT_TO","0737-05","新橋駅前","新橋駅前",,"1778207058","1778207149"
"2026-05-08 11:25:58","odpt","G829","G829","08601-2-09-172-1108","031","都06","都06 渋谷駅前行","渋谷駅前","35.652557","139.74794","IN_TRANSIT_TO","0631-02","芝園橋","芝園橋",,"1778207041","1778207149"
"2026-05-08 11:25:58","odpt","W454","W454","08601-2-09-172-1052","031","都06","都06 渋谷駅前行","渋谷駅前","35.6479","139.721451","IN_TRANSIT_TO","1358-09","広尾病院前","広尾病院前",,"1778207124","1778207149"
"2026-05-08 11:25:58","odpt","D331","D331","08602-1-09-172-1110","031","都06","都06 赤羽橋駅前行","赤羽橋駅前","35.648849","139.717667","IN_TRANSIT_TO","1359-02","広尾一丁目","広尾一丁目",,"1778207087","1778207149"
"2026-05-08 11:25:58","odpt","G821","G821","08602-1-09-172-1054","031","都06","都06 赤羽橋駅前行","赤羽橋駅前","35.655495","139.74115","IN_TRANSIT_TO","1094-05","中ノ橋","中ノ橋",,"1778207085","1778207149"
"2026-05-08 11:25:58","odpt","G822","G822","08602-2-09-172-1115","031","都06","都06 渋谷駅前行","渋谷駅前","35.647194","139.731201","IN_TRANSIT_TO","0623-01","四ノ橋","四ノ橋",,"1778207105","1778207149"
"2026-05-08 11:25:58","odpt","D355","D355","08602-2-09-172-1059","031","都06","都06 渋谷駅前行","渋谷駅前","35.652657","139.708801","IN_TRANSIT_TO","1322-02","東二丁目","東二丁目",,"1778207115","1778207149"
"2026-05-08 11:25:58","odpt","B754","B754","60101-1-65-170-1123","036","都07","都07 門前仲町行","門前仲町","35.696106","139.817642","IN_TRANSIT_TO","0493-02","江東車庫前","江東車庫前",,"1778207085","1778207149"
"2026-05-08 11:25:58","odpt","H968","H968","60101-1-65-170-1116","036","都07","都07 門前仲町行","門前仲町","35.692451","139.826172","IN_TRANSIT_TO","0755-02","五ノ橋","五ノ橋",,"1778207020","1778207149"
"2026-05-08 11:25:58","odpt","W434","W434","60101-1-65-170-1109","036","都07","都07 門前仲町行","門前仲町","35.673351","139.82663","IN_TRANSIT_TO","1476-02","南砂三丁目","南砂三丁目",,"1778207121","1778207149"
"2026-05-08 11:25:58","odpt","D365","D365","60101-1-65-170-1102","036","都07","都07 門前仲町行","門前仲町","35.671082","139.826126","IN_TRANSIT_TO","1177-02","日曹橋","日曹橋",,"1778206950","1778207149"
"2026-05-08 11:25:58","odpt","M463","M463","60101-1-65-170-1055","036","都07","都07 門前仲町行","門前仲町","35.669418","139.803436","IN_TRANSIT_TO","0426-01","木場二丁目","木場二丁目",,"1778207051","1778207149"
"2026-05-08 11:25:58","odpt","W436","W436","60101-2-65-170-1123","036","都07","都07 錦糸町駅前行","錦糸町駅前","35.671249","139.797791","IN_TRANSIT_TO","1376-02","不動尊前","不動尊前",,"1778207042","1778207149"
"2026-05-08 11:25:58","odpt","E501","E501","60101-2-65-170-1116","036","都07","都07 錦糸町駅前行","錦糸町駅前","35.669556","139.813736","IN_TRANSIT_TO","0987-02","東陽操車所前","東陽操車所前",,"1778207039","1778207149"
"2026-05-08 11:25:58","odpt","H967","H967","60101-2-65-170-1109","036","都07","都07 錦糸町駅前行","錦糸町駅前","35.672726","139.826294","IN_TRANSIT_TO","1476-01","南砂三丁目","南砂三丁目",,"1778207106","1778207149"
"2026-05-08 11:25:58","odpt","L344","L344","60101-2-65-170-1103","036","都07","都07 錦糸町駅前行","錦糸町駅前","35.681885","139.827332","IN_TRANSIT_TO","0411-01","北砂三丁目","北砂三丁目",,"1778207104","1778207149"
"2026-05-08 11:25:58","odpt","W440","W440","60101-2-65-170-1057","036","都07","都07 錦糸町駅前行","錦糸町駅前","35.690002","139.826187","IN_TRANSIT_TO","1140-04","西大島駅前","西大島駅前",,"1778207066","1778207149"
"2026-05-08 11:25:58","odpt","H966","H966","60101-2-65-170-1051","036","都07","都07 錦糸町駅前行","錦糸町駅前","35.69569","139.817535","IN_TRANSIT_TO","0493-01","江東車庫前","江東車庫前",,"1778207074","1778207149"
"2026-05-08 11:25:58","odpt","C250","C250","52401-1-57-170-1120","038","都08（T08）","都08（T08） 錦糸町駅前行","錦糸町駅前","35.728756","139.777466","IN_TRANSIT_TO","1308-04","東日暮里三丁目","東日暮里三丁目",,"1778207034","1778207149"
"2026-05-08 11:25:58","odpt","W465","W465","52401-1-57-170-1112","038","都08（T08）","都08（T08） 錦糸町駅前行","錦糸町駅前","35.720722","139.791672","IN_TRANSIT_TO","0822-02","千束","千束",,"1778207046","1778207149"
"2026-05-08 11:25:58","odpt","E541","E541","52401-1-57-170-1104","038","都08（T08）","都08（T08） 錦糸町駅前行","錦糸町駅前","35.714588","139.798431","IN_TRANSIT_TO","1179-02","二天門","二天門",,"1778207111","1778207149"
"2026-05-08 11:25:58","odpt","F646","F646","52401-1-57-170-1056","038","都08（T08）","都08（T08） 錦糸町駅前行","錦糸町駅前","35.708759","139.805222","IN_TRANSIT_TO","1414-02","本所吾妻橋","本所吾妻橋",,"1778207111","1778207149"
"2026-05-08 11:25:58","odpt","F640","F640","52401-1-57-170-1048","038","都08（T08）","都08（T08） 錦糸町駅前行","錦糸町駅前","35.706242","139.814331","IN_TRANSIT_TO","1121-02","業平四丁目","業平四丁目",,"1778207115","1778207149"
"2026-05-08 11:25:58","odpt","D301","D301","52401-2-57-170-1124","038","都08（T08）","都08（T08） 日暮里駅前行","日暮里駅前","35.697296","139.813492","IN_TRANSIT_TO","0442-12","錦糸町駅前","錦糸町駅前",,"1778207040","1778207149"
"2026-05-08 11:25:58","odpt","H961","H961","52401-2-57-170-1115","038","都08（T08）","都08（T08） 日暮里駅前行","日暮里駅前","35.708355","139.813705","IN_TRANSIT_TO","0276-06","押上","押上",,"1778206994","1778207149"
"2026-05-08 11:25:58","odpt","B794","B794","52401-2-57-170-1106","038","都08（T08）","都08（T08） 日暮里駅前行","日暮里駅前","35.708725","139.809097","IN_TRANSIT_TO","1120-02","とうきょうスカイツリー駅入口","とうきょうスカイツリー駅入口",,"1778207090","1778207149"
"2026-05-08 11:25:58","odpt","G776","G776","52401-2-57-170-1057","038","都08（T08）","都08（T08） 日暮里駅前行","日暮里駅前","35.716118","139.796967","IN_TRANSIT_TO","0039-01","浅草二丁目","浅草二丁目",,"1778207045","1778207149"
"2026-05-08 11:25:58","odpt","G767","G767","52401-2-57-170-1048","038","都08（T08）","都08（T08） 日暮里駅前行","日暮里駅前","35.725021","139.786499","IN_TRANSIT_TO","0603-01","下谷三丁目","下谷三丁目",,"1778207028","1778207149"
"2026-05-08 11:25:58","odpt","E466","E466","72501-1-81-170-1115","040","業10","業10 とうきょうスカイツリー駅前行","とうきょうスカイツリー駅前","35.666985","139.770355","IN_TRANSIT_TO","0945-01","築地三丁目","築地三丁目",,"1778207114","1778207149"
"2026-05-08 11:25:58","odpt","E526","E526","72501-1-81-170-1055","040","業10","業10 とうきょうスカイツリー駅前行","とうきょうスカイツリー駅前","35.655151","139.797119","IN_TRANSIT_TO","1025-09","豊洲駅前","豊洲駅前",,"1778207097","1778207149"
"2026-05-08 11:25:58","odpt","F653","F653","72501-1-81-170-1038","040","業10","業10 とうきょうスカイツリー駅前行","とうきょうスカイツリー駅前","35.677277","139.806854","IN_TRANSIT_TO","2570-02","木場公園","木場公園",,"1778207080","1778207149"
"2026-05-08 11:25:58","odpt","E539","E539","72501-1-81-170-1025","040","業10","業10 とうきょうスカイツリー駅前行","とうきょうスカイツリー駅前","35.704296","139.804626","IN_TRANSIT_TO","1418-02","本所四丁目","本所四丁目",,"1778207107","1778207149"
"2026-05-08 11:25:58","odpt","E540","E540","72501-2-81-170-1115","040","業10","業10 新橋行","新橋","35.694572","139.805634","IN_TRANSIT_TO","1460-03","緑三丁目","緑三丁目",,"1778207119","1778207149"
"2026-05-08 11:25:58","odpt","G708","G708","72501-2-81-170-1055","040","業10","業10 新橋行","新橋","35.661606","139.806488","IN_TRANSIT_TO","0594-02","塩浜二丁目","塩浜二丁目",,"1778207069","1778207149"
"2026-05-08 11:25:58","odpt","D112","D112","72501-2-81-170-1042","040","業10","業10 新橋行","新橋","35.657604","139.793228","IN_TRANSIT_TO","1026-01","ＩＨＩ前","ＩＨＩ前",,"1778207105","1778207149"
"2026-05-08 11:25:58","odpt","F586","F586","72501-2-81-170-1029","040","業10","業10 新橋行","新橋","35.660812","139.779999","IN_TRANSIT_TO","2182-01","月島第一小学校前","月島第一小学校前",,"1778207064","1778207149"
"2026-05-08 11:25:58","odpt","G707","G707","72501-2-81-170-1016","040","業10","業10 新橋行","新橋","35.670876","139.761627","IN_TRANSIT_TO","0445-03","銀座西六丁目","銀座西六丁目",,"1778206996","1778207149"
"2026-05-08 11:25:58","odpt","D309","D309","65202-2-65-170-1100","044","錦11","錦11 亀戸駅前行","亀戸駅前","35.689278","139.810623","IN_TRANSIT_TO","0789-05","住吉一丁目","住吉一丁目",,"1778207118","1778207149"
"2026-05-08 11:25:58","odpt","C290","C290","72508-1-81-170-1105","041","業10出入","業10出入 とうきょうスカイツリー駅前行","とうきょうスカイツリー駅前","35.669868","139.805786","IN_TRANSIT_TO","0425-01","木場駅前","木場駅前",,"1778207107","1778207149"
"2026-05-08 11:25:58","odpt","F651","F651","72508-2-81-170-1123","041","業10出入","業10出入 深川車庫前行","深川車庫前","35.712086","139.805176","IN_TRANSIT_TO","0533-01","言問橋","言問橋",,"1778207067","1778207149"
"2026-05-08 11:25:58","odpt","C271","C271","72508-2-81-170-1105","041","業10出入","業10出入 深川車庫前行","深川車庫前","35.683132","139.806595","IN_TRANSIT_TO","0675-04","白河","白河",,"1778207124","1778207149"
"2026-05-08 11:25:58","odpt","D107","D107","72508-2-81-170-1050","041","業10出入","業10出入 深川車庫前行","深川車庫前","35.657764","139.801605","IN_TRANSIT_TO","0166-03","枝川","枝川",,"1778207073","1778207149"
"2026-05-08 11:25:58","odpt","E504","E504","72509-1-81-170-1106","041","業10出入","業10出入 新橋行","新橋","35.657913","139.786011","IN_TRANSIT_TO","1252-04","晴海一丁目","晴海一丁目",,"1778207095","1778207149"
"2026-05-08 11:25:58","odpt","C289","C289","72509-1-81-170-1052","041","業10出入","業10出入 新橋行","新橋","35.670567","139.765686","IN_TRANSIT_TO","0448-07","銀座四丁目","銀座四丁目",,"1778207003","1778207149"
"2026-05-08 11:25:58","odpt","C269","C269","72509-2-81-170-1121","041","業10出入","業10出入 深川車庫前行","深川車庫前","35.67038","139.766312","IN_TRANSIT_TO","0448-06","銀座四丁目","銀座四丁目",,"1778207120","1778207149"
"2026-05-08 11:25:58","odpt","M456","M456","72509-2-81-170-1103","041","業10出入","業10出入 深川車庫前行","深川車庫前","35.659122","139.790649","IN_TRANSIT_TO","2288-01","春海橋","春海橋",,"1778207111","1778207149"
"2026-05-08 11:25:58","odpt","C287","C287","72509-2-81-170-1048","041","業10出入","業10出入 深川車庫前行","深川車庫前","35.645321","139.79982","IN_TRANSIT_TO","0620-02","東雲都橋","東雲都橋",,"1778206993","1778207149"
"2026-05-08 11:25:58","odpt","B751","B751","72005-3-81-170-1045","045","木11甲","木11甲 木場駅前行","木場駅前","35.669647","139.821518","IN_TRANSIT_TO","1475-01","江東運転免許試験場前","江東運転免許試験場前",,"1778206982","1778207149"
"2026-05-08 11:25:58","odpt","W408","W408","72006-3-81-170-1120","045","木11甲","木11甲 東陽町駅前行","東陽町駅前","35.662731","139.823837","IN_TRANSIT_TO","2210-01","東京地下鉄総合運動場前","東京地下鉄総合運動場前",,"1778207076","1778207149"
"2026-05-08 11:25:58","odpt","Y482","Y482","72006-3-81-170-1100","045","木11甲","木11甲 東陽町駅前行","東陽町駅前","35.634663","139.834641","IN_TRANSIT_TO","2039-01","新木場三丁目","新木場三丁目",,"1778207130","1778207149"
"2026-05-08 11:25:58","odpt","Y477","Y477","72102-1-81-170-1058","046","錦13","錦13 豊洲駅前行","豊洲駅前","35.656857","139.804413","IN_TRANSIT_TO","0167-01","枝川一丁目","枝川一丁目",,"1778207094","1778207149"
"2026-05-08 11:25:58","odpt","H987","H987","72106-1-81-170-1111","046","錦13","錦13 深川車庫前行","深川車庫前","35.677933","139.811996","IN_TRANSIT_TO","0807-02","千石一丁目(せんごくいっちょうめ（こうとうく）)","千石一丁目(せんごくいっちょうめ（こうとうく）)",,"1778207083","1778207149"
"2026-05-08 11:25:58","odpt","W405","W405","72106-2-81-170-1108","046","錦13","錦13 錦糸町駅前行","錦糸町駅前","35.661587","139.806137","IN_TRANSIT_TO","0594-01","塩浜二丁目","塩浜二丁目",,"1778207104","1778207149"
"2026-05-08 11:25:58","odpt","V313","V313","72112-1-81-170-1124","046","錦13","錦13 晴海埠頭行","晴海埠頭","35.695892","139.814529","IN_TRANSIT_TO","0442-01","錦糸町駅前","錦糸町駅前",,"1778207067","1778207149"
"2026-05-08 11:25:58","odpt","E122","E122","72112-1-81-170-1047","046","錦13","錦13 晴海埠頭行","晴海埠頭","35.6548","139.795258","IN_TRANSIT_TO","1025-03","豊洲駅前","豊洲駅前",,"1778207091","1778207149"
"2026-05-08 11:25:58","odpt","W406","W406","72112-2-81-170-1047","046","錦13","錦13 錦糸町駅前行","錦糸町駅前","35.683964","139.811157","IN_TRANSIT_TO","0191-02","扇橋一丁目","扇橋一丁目",,"1778207078","1778207149"
"2026-05-08 11:25:58","odpt","B752","B752","72201-1-81-170-1102","049","東15","東15 東京駅八重洲口行","東京駅八重洲口","35.655811","139.78093","IN_TRANSIT_TO","1253-02","晴海三丁目","晴海三丁目",,"1778207039","1778207149"
"2026-05-08 11:25:58","odpt","B783","B783","72201-2-81-170-1114","049","東15","東15 深川車庫前行","深川車庫前","35.674759","139.781097","IN_TRANSIT_TO","0689-01","新川二丁目","新川二丁目",,"1778207046","1778207149"
"2026-05-08 11:25:58","odpt","C235","C235","72201-2-81-170-1046","049","東15","東15 深川車庫前行","深川車庫前","35.652672","139.798676","IN_TRANSIT_TO","0619-02","深川五中前","深川五中前",,"1778207045","1778207149"
"2026-05-08 11:25:58","odpt","B758","B758","61601-1-65-170-1050","051","錦18","錦18 国際展示場駅前行","国際展示場駅前","35.645264","139.82637","IN_TRANSIT_TO","0690-03","新木場駅前（構内）","新木場駅前（構内）",,"1778206859","1778207149"
"2026-05-08 11:25:58","odpt","C285","C285","61601-2-65-170-1050","051","錦18","錦18 錦糸町駅前行","錦糸町駅前","35.690002","139.826187","IN_TRANSIT_TO","1140-04","西大島駅前","西大島駅前",,"1778207093","1778207149"
"2026-05-08 11:25:58","odpt","G790","G790","61302-2-65-170-1119","053","陽20","陽20 東陽町駅前行","東陽町駅前","35.681362","139.844437","IN_TRANSIT_TO","1294-02","東砂三丁目","東砂三丁目",,"1778207066","1778207149"
"2026-05-08 11:25:58","odpt","K258","K258","73002-1-81-170-1118","050","東16","東16 東京ビッグサイト行","東京ビッグサイト","35.675846","139.780258","IN_TRANSIT_TO","2122-01","新川","新川",,"1778207074","1778207149"
"2026-05-08 11:25:58","odpt","D111","D111","73002-1-81-170-1106","050","東16","東16 東京ビッグサイト行","東京ビッグサイト","35.658676","139.79277","IN_TRANSIT_TO","1026-02","ＩＨＩ前","ＩＨＩ前",,"1778207127","1778207149"
"2026-05-08 11:25:58","odpt","G710","G710","73002-1-81-170-1056","050","東16","東16 東京ビッグサイト行","東京ビッグサイト","35.647064","139.80191","IN_TRANSIT_TO","0622-02","東雲一丁目","東雲一丁目",,"1778207086","1778207149"
"2026-05-08 11:25:58","odpt","M453","M453","73002-1-81-170-1047","050","東16","東16 東京ビッグサイト行","東京ビッグサイト","35.639725","139.793686","IN_TRANSIT_TO","2594-01","かえつ学園西","かえつ学園西",,"1778207068","1778207149"
"2026-05-08 11:25:58","odpt","F652","F652","73002-1-81-170-1039","050","東16","東16 東京ビッグサイト行","東京ビッグサイト","35.629425","139.789566","IN_TRANSIT_TO","2171-01","フェリー埠頭入口","フェリー埠頭入口",,"1778206993","1778207149"
"2026-05-08 11:25:58","odpt","F650","F650","73002-2-81-170-1121","050","東16","東16 東京駅八重洲口行","東京駅八重洲口","35.63068","139.78746","IN_TRANSIT_TO","2586-02","武蔵野大学前","武蔵野大学前",,"1778207130","1778207149"
"2026-05-08 11:25:58","odpt","E120","E120","73002-2-81-170-1110","050","東16","東16 東京駅八重洲口行","東京駅八重洲口","35.646797","139.80159","IN_TRANSIT_TO","0622-01","東雲一丁目","東雲一丁目",,"1778207106","1778207149"
"2026-05-08 11:25:58","odpt","F654","F654","73002-2-81-170-1059","050","東16","東16 東京駅八重洲口行","東京駅八重洲口","35.657604","139.793228","IN_TRANSIT_TO","1026-01","ＩＨＩ前","ＩＨＩ前",,"1778207058","1778207149"
"2026-05-08 11:25:58","odpt","M451","M451","73005-2-81-170-1103","050","東16","東16 東京駅八重洲口行","東京駅八重洲口","35.669006","139.785034","IN_TRANSIT_TO","2305-01","リバーシティ２１","リバーシティ２１",,"1778207059","1778207149"
"2026-05-08 11:25:58","odpt","G712","G712","73007-1-81-170-1112","050","東16","東16 深川車庫前行","深川車庫前","35.673397","139.783203","IN_TRANSIT_TO","2162-01","住友ツインビル前","住友ツインビル前",,"1778207089","1778207149"
"2026-05-08 11:25:58","odpt","F141","F141","72704-1-81-170-1053","052","門19","門19 門前仲町行","門前仲町","35.660591","139.793518","IN_TRANSIT_TO","1028-01","豊洲一丁目","豊洲一丁目",,"1778207101","1778207149"
"2026-05-08 11:25:58","odpt","X274","X274","72704-2-81-170-1057","052","門19","門19 東京ビッグサイト行","東京ビッグサイト","35.640858","139.804276","IN_TRANSIT_TO","2102-03","東雲駅前","東雲駅前",,"1778207041","1778207149"
"2026-05-08 11:25:58","odpt","D114","D114","69201-1-77-170-1115","056","西葛20甲","西葛20甲 なぎさニュータウン行","なぎさニュータウン","35.654175","139.869888","IN_TRANSIT_TO","0316-01","葛西南高校前","葛西南高校前",,"1778207043","1778207149"
"2026-05-08 11:25:58","odpt","Z543","Z543","69201-2-77-170-1114","056","西葛20甲","西葛20甲 西葛西駅前行","西葛西駅前","35.655876","139.8685","IN_TRANSIT_TO","0721-01","新田","新田",,"1778207020","1778207149"
"2026-05-08 11:25:58","odpt","H976","H976","69202-1-77-170-1119","057","西葛20乙","西葛20乙 葛西臨海公園駅前行","葛西臨海公園駅前","35.657364","139.861191","IN_TRANSIT_TO","0724-02","新田住宅","新田住宅",,"1778207002","1778207149"
"2026-05-08 11:25:58","odpt","B774","B774","69202-2-77-170-1125","057","西葛20乙","西葛20乙 西葛西駅前行","西葛西駅前","35.643967","139.862228","IN_TRANSIT_TO","2189-02","葛西臨海公園駅前","葛西臨海公園駅前",,"1778207100","1778207149"
"2026-05-08 11:25:58","odpt","Z525","Z525","64601-1-69-170-1045","059","門21","門21 門前仲町行","門前仲町","35.675171","139.802185","IN_TRANSIT_TO","2172-01","冬木","冬木",,"1778207059","1778207149"
"2026-05-08 11:25:58","odpt","Z527","Z527","64601-2-69-170-1055","059","門21","門21 東大島駅前行","東大島駅前","35.675785","139.838226","IN_TRANSIT_TO","1295-01","東砂四丁目","東砂四丁目",,"1778207105","1778207149"
"2026-05-08 11:25:58","odpt","L183","L183","60001-1-85-170-1105","058","亀21","亀21 亀戸駅前行","亀戸駅前","35.675735","139.83728","IN_TRANSIT_TO","1295-02","東砂四丁目","東砂四丁目",,"1778207024","1778207149"
"2026-05-08 11:25:58","odpt","E525","E525","60001-2-85-170-1100","058","亀21","亀21 東陽町駅前行","東陽町駅前","35.6698","139.837509","IN_TRANSIT_TO","1539-02","元八幡","元八幡",,"1778207099","1778207149"
"2026-05-08 11:25:58","odpt","G727","G727","68501-1-77-170-1124","060","新小21","新小21 新小岩駅前行","新小岩駅前","35.664135","139.859055","IN_TRANSIT_TO","1146-03","西葛西駅前","西葛西駅前",,"1778207049","1778207149"
"2026-05-08 11:25:58","odpt","W396","W396","68501-1-77-170-1115","060","新小21","新小21 新小岩駅前行","新小岩駅前","35.677101","139.853226","IN_TRANSIT_TO","1608-02","六軒町","六軒町",,"1778207069","1778207149"
"2026-05-08 11:25:58","odpt","L361","L361","68501-1-77-170-1106","060","新小21","新小21 新小岩駅前行","新小岩駅前","35.683411","139.864288","IN_TRANSIT_TO","2032-01","船堀駅前","船堀駅前",,"1778206939","1778207149"
"2026-05-08 11:25:58","odpt","Z551","Z551","68501-1-77-170-1057","060","新小21","新小21 新小岩駅前行","新小岩駅前","35.695301","139.867691","IN_TRANSIT_TO","1281-01","東小松川二丁目","東小松川二丁目",,"1778207021","1778207149"
"2026-05-08 11:25:58","odpt","F660","F660","68501-1-77-170-1048","060","新小21","新小21 新小岩駅前行","新小岩駅前","35.714909","139.86145","IN_TRANSIT_TO","0697-01","新小岩一丁目","新小岩一丁目",,"1778207127","1778207149"
"2026-05-08 11:25:58","odpt","Z557","Z557","68501-2-77-170-1121","060","新小21","新小21 西葛西駅前行","西葛西駅前","35.712532","139.864243","IN_TRANSIT_TO","1435-01","松島三丁目","松島三丁目",,"1778207077","1778207149"
"2026-05-08 11:25:58","odpt","E129","E129","68501-2-77-170-1112","060","新小21","新小21 西葛西駅前行","西葛西駅前","35.706993","139.867874","IN_TRANSIT_TO","0171-01","江戸川区役所前","江戸川区役所前",,"1778206990","1778207149"
"2026-05-08 11:25:58","odpt","E483","E483","68501-2-77-170-1103","060","新小21","新小21 西葛西駅前行","西葛西駅前","35.689281","139.866699","IN_TRANSIT_TO","1434-02","松江第一中学校前","松江第一中学校前",,"1778206855","1778207149"
"2026-05-08 11:25:58","odpt","W398","W398","68501-2-77-170-1054","060","新小21","新小21 西葛西駅前行","西葛西駅前","35.67395","139.853333","IN_TRANSIT_TO","0522-01","小島","小島",,"1778207103","1778207149"
"2026-05-08 11:25:58","odpt","W463","W463","52101-1-57-170-1119","062","里22","里22 亀戸駅前行","亀戸駅前","35.728756","139.777466","IN_TRANSIT_TO","1308-04","東日暮里三丁目","東日暮里三丁目",,"1778207017","1778207149"
"2026-05-08 11:25:58","odpt","B797","B797","52101-1-57-170-1100","062","里22","里22 亀戸駅前行","亀戸駅前","35.728497","139.806213","IN_TRANSIT_TO","1218-01","橋場二丁目","橋場二丁目",,"1778207007","1778207149"
"2026-05-08 11:25:58","odpt","B799","B799","52101-1-57-170-1042","062","里22","里22 亀戸駅前行","亀戸駅前","35.702461","139.825562","IN_TRANSIT_TO","0371-04","亀戸四丁目","亀戸四丁目",,"1778207048","1778207149"
"2026-05-08 11:25:58","odpt","M433","M433","52101-2-57-170-1117","062","里22","里22 日暮里駅前行","日暮里駅前","35.713703","139.826645","IN_TRANSIT_TO","1064-02","中居堀","中居堀",,"1778207126","1778207149"
"2026-05-08 11:25:58","odpt","G737","G737","52101-2-57-170-1058","062","里22","里22 日暮里駅前行","日暮里駅前","35.728855","139.798889","IN_TRANSIT_TO","1115-04","泪橋","泪橋",,"1778207085","1778207149"
"2026-05-08 11:25:58","odpt","E538","E538","52104-2-57-170-1110","062","里22","里22 南千住車庫前行","南千住車庫前","35.733276","139.787247","IN_TRANSIT_TO","0067-01","荒川一丁目","荒川一丁目",,"1778207020","1778207149"
"2026-05-08 11:25:58","odpt","C261","C261","69301-1-77-170-1120","061","葛西21","葛西21 葛西臨海公園駅前行","葛西臨海公園駅前","35.659424","139.879776","IN_TRANSIT_TO","2394-01","東葛西六丁目","東葛西六丁目",,"1778207123","1778207149"
"2026-05-08 11:25:58","odpt","E503","E503","69301-1-77-170-1109","061","葛西21","葛西21 葛西臨海公園駅前行","葛西臨海公園駅前","35.646393","139.875824","IN_TRANSIT_TO","2274-02","南葛西会館前","南葛西会館前",,"1778207106","1778207149"
"2026-05-08 11:25:58","odpt","E487","E487","69308-2-77-170-1116","061","葛西21","葛西21 葛西駅前行","葛西駅前","35.646397","139.875717","IN_TRANSIT_TO","2274-01","南葛西会館前","南葛西会館前",,"1778207069","1778207149"
"2026-05-08 11:25:58","odpt","K289","K289","69308-2-77-170-1104","061","葛西21","葛西21 葛西駅前行","葛西駅前","35.659634","139.876389","IN_TRANSIT_TO","2392-02","第二葛西小学校入口","第二葛西小学校入口",,"1778207067","1778207149"
"2026-05-08 11:25:58","odpt","F668","F668","65001-2-69-170-1120","066","葛西22","葛西22 葛西駅前行","葛西駅前","35.680744","139.887085","IN_TRANSIT_TO","2585-02","今井児童交通公園前","今井児童交通公園前",,"1778207130","1778207149"
"2026-05-08 11:25:58","odpt","B761","B761","60202-1-65-170-1123","063","東22","東22 東陽町駅前行","東陽町駅前","35.695889","139.814301","IN_TRANSIT_TO","0442-03","錦糸町駅前","錦糸町駅前",,"1778206978","1778207149"
"2026-05-08 11:25:58","odpt","F619","F619","60202-1-65-170-1112","063","東22","東22 東陽町駅前行","東陽町駅前","35.67836","139.816055","IN_TRANSIT_TO","0809-01","千石二丁目(せんごくにちょうめ（こうとうく）)","千石二丁目(せんごくにちょうめ（こうとうく）)",,"1778207060","1778207149"
"2026-05-08 11:25:58","odpt","H969","H969","60202-2-65-170-1121","063","東22","東22 錦糸町駅前行","錦糸町駅前","35.675179","139.815933","IN_TRANSIT_TO","1027-02","豊住橋","豊住橋",,"1778207045","1778207149"
"2026-05-08 11:25:58","odpt","E509","E509","60202-2-65-170-1115","063","東22","東22 錦糸町駅前行","錦糸町駅前","35.683388","139.81601","IN_TRANSIT_TO","0192-02","扇橋二丁目","扇橋二丁目",,"1778207001","1778207149"
"2026-05-08 11:25:58","odpt","G792","G792","60204-1-65-170-1117","063","東22","東22 東京駅丸の内北口行","東京駅丸の内北口","35.685825","139.816086","IN_TRANSIT_TO","0578-01","猿江二丁目","猿江二丁目",,"1778207027","1778207149"
"2026-05-08 11:25:58","odpt","W437","W437","60204-1-65-170-1100","063","東22","東22 東京駅丸の内北口行","東京駅丸の内北口","35.669418","139.803436","IN_TRANSIT_TO","0426-01","木場二丁目","木場二丁目",,"1778207030","1778207149"
"2026-05-08 11:25:58","odpt","A597","A597","60204-1-65-170-1043","063","東22","東22 東京駅丸の内北口行","東京駅丸の内北口","35.682095","139.774475","IN_TRANSIT_TO","1185-03","日本橋","日本橋",,"1778207042","1778207149"
"2026-05-08 11:25:58","odpt","W441","W441","60204-2-65-170-1112","063","東22","東22 錦糸町駅前行","錦糸町駅前","35.677162","139.785233","IN_TRANSIT_TO","0159-01","永代橋","永代橋",,"1778207104","1778207149"
"2026-05-08 11:25:58","odpt","B759","B759","60204-2-65-170-1055","063","東22","東22 錦糸町駅前行","錦糸町駅前","35.669556","139.813736","IN_TRANSIT_TO","0987-02","東陽操車所前","東陽操車所前",,"1778207061","1778207149"
"2026-05-08 11:25:58","odpt","E492","E492","60204-2-65-170-1037","063","東22","東22 錦糸町駅前行","錦糸町駅前","35.691303","139.815414","IN_TRANSIT_TO","1533-02","毛利二丁目","毛利二丁目",,"1778207024","1778207149"
"2026-05-08 11:25:58","odpt","L365","L365","68801-1-77-170-1125","068","新小22","新小22 新小岩駅前行","新小岩駅前","35.663258","139.872879","IN_TRANSIT_TO","0307-05","葛西駅前","葛西駅前",,"1778207101","1778207149"
"2026-05-08 11:25:58","odpt","G723","G723","68801-1-77-170-1112","068","新小22","新小22 新小岩駅前行","新小岩駅前","35.680878","139.887054","IN_TRANSIT_TO","2585-01","今井児童交通公園前","今井児童交通公園前",,"1778207034","1778207149"
"2026-05-08 11:25:58","odpt","G731","G731","68801-1-77-170-1059","068","新小22","新小22 新小岩駅前行","新小岩駅前","35.695843","139.871307","IN_TRANSIT_TO","1433-03","松江","松江",,"1778206999","1778207149"
"2026-05-08 11:25:58","odpt","B772","B772","68801-1-77-170-1046","068","新小22","新小22 新小岩駅前行","新小岩駅前","35.714909","139.86145","IN_TRANSIT_TO","0697-01","新小岩一丁目","新小岩一丁目",,"1778207100","1778207149"
"2026-05-08 11:25:58","odpt","C262","C262","68801-2-77-170-1117","068","新小22","新小22 葛西駅前行","葛西駅前","35.710171","139.866074","IN_TRANSIT_TO","0172-01","江戸川高校前","江戸川高校前",,"1778206992","1778207149"
"2026-05-08 11:25:58","odpt","F662","F662","68801-2-77-170-1104","068","新小22","新小22 葛西駅前行","葛西駅前","35.690601","139.878418","IN_TRANSIT_TO","0104-02","一之江五丁目","一之江五丁目",,"1778207104","1778207149"
"2026-05-08 11:25:58","odpt","D352","D352","68801-2-77-170-1052","068","新小22","新小22 葛西駅前行","葛西駅前","35.67786","139.885422","IN_TRANSIT_TO","0646-02","下今井","下今井",,"1778207069","1778207149"
"2026-05-08 11:25:58","odpt","E446","E446","56208-1-61-170-1123","070","上23","上23 上野松坂屋前行","上野松坂屋前","35.706787","139.841797","IN_TRANSIT_TO","1341-01","平井駅前","平井駅前",,"1778207002","1778207149"
"2026-05-08 11:25:58","odpt","D325","D325","56208-1-61-170-1055","070","上23","上23 上野松坂屋前行","上野松坂屋前","35.708439","139.803497","IN_TRANSIT_TO","1414-04","本所吾妻橋","本所吾妻橋",,"1778207044","1778207149"
"2026-05-08 11:25:58","odpt","C252","C252","56208-2-61-170-1107","070","上23","上23 平井駅前行","平井駅前","35.711105","139.795349","IN_TRANSIT_TO","0032-01","浅草雷門","浅草雷門",,"1778207067","1778207149"
"2026-05-08 11:25:58","odpt","E453","E453","56208-2-61-170-1040","070","上23","上23 平井駅前行","平井駅前","35.715069","139.835159","IN_TRANSIT_TO","2205-04","平井七丁目第三アパート前","平井七丁目第三アパート前",,"1778207103","1778207149"
"2026-05-08 11:25:58","odpt","E457","E457","64201-1-69-170-1125","073","平23","平23 平井駅前行","平井駅前","35.663254","139.872711","IN_TRANSIT_TO","0307-03","葛西駅前","葛西駅前",,"1778207106","1778207149"
"2026-05-08 11:25:58","odpt","B767","B767","64201-2-69-170-1117","073","平23","平23 葛西駅前行","葛西駅前","35.699436","139.849792","IN_TRANSIT_TO","0552-01","小松川三丁目","小松川三丁目",,"1778207042","1778207149"
"2026-05-08 11:25:58","odpt","G796","G796","60701-3-65-170-1056","072","亀23","亀23 亀戸駅前行","亀戸駅前","35.665157","139.834183","IN_TRANSIT_TO","2458-01","江東高齢者医療センター","江東高齢者医療センター",,"1778207096","1778207149"
"2026-05-08 11:25:58","odpt","C255","C255","68101-1-77-170-1118","075","亀24","亀24 亀戸駅前行","亀戸駅前","35.683807","139.844833","IN_TRANSIT_TO","1293-01","東砂二丁目","東砂二丁目",,"1778207114","1778207149"
"2026-05-08 11:25:58","odpt","Z559","Z559","68101-2-77-170-1113","075","亀24","亀24 葛西橋行","葛西橋","35.690044","139.837296","IN_TRANSIT_TO","1095-01","中の橋通り","中の橋通り",,"1778207125","1778207149"
"2026-05-08 11:25:58","odpt","L362","L362","68101-2-77-170-1100","075","亀24","亀24 葛西橋行","葛西橋","35.675983","139.843201","IN_TRANSIT_TO","1296-01","東砂五丁目","東砂五丁目",,"1778207109","1778207149"
"2026-05-08 11:25:58","odpt","C267","C267","69101-1-77-170-1119","076","葛西24","葛西24 なぎさニュータウン行","なぎさニュータウン","35.675083","139.864441","IN_TRANSIT_TO","2082-02","宇喜田小学校","宇喜田小学校",,"1778207073","1778207149"
"2026-05-08 11:25:58","odpt","M470","M470","69101-1-77-170-1100","076","葛西24","葛西24 なぎさニュータウン行","なぎさニュータウン","35.653858","139.872635","IN_TRANSIT_TO","2031-02","葛西南高校入口","葛西南高校入口",,"1778207094","1778207149"
"2026-05-08 11:25:58","odpt","F661","F661","69101-2-77-170-1103","076","葛西24","葛西24 船堀駅前行","船堀駅前","35.672215","139.866028","IN_TRANSIT_TO","2083-01","宇喜田第一住宅","宇喜田第一住宅",,"1778207105","1778207149"
"2026-05-08 11:25:58","odpt","M473","M473","68006-1-77-170-1122","077","錦25出入","錦25出入 葛西駅前行","葛西駅前","35.668373","139.867615","IN_TRANSIT_TO","0310-03","江戸川車庫前","江戸川車庫前",,"1778206923","1778207149"
"2026-05-08 11:25:58","odpt","H980","H980","68001-1-77-170-1059","078","錦25","錦25 錦糸町駅前行","錦糸町駅前","35.666866","139.873138","IN_TRANSIT_TO","1106-02","長島町交差点","長島町交差点",,"1778207035","1778207149"
"2026-05-08 11:25:58","odpt","F664","F664","68001-1-77-170-1051","078","錦25","錦25 錦糸町駅前行","錦糸町駅前","35.678616","139.867279","IN_TRANSIT_TO","0763-01","陣屋橋","陣屋橋",,"1778207120","1778207149"
"2026-05-08 11:25:58","odpt","H975","H975","68001-1-77-170-1043","078","錦25","錦25 錦糸町駅前行","錦糸町駅前","35.684181","139.863785","IN_TRANSIT_TO","2032-06","船堀駅前","船堀駅前",,"1778207066","1778207149"
"2026-05-08 11:25:58","odpt","C264","C264","68001-1-77-170-1027","078","錦25","錦25 錦糸町駅前行","錦糸町駅前","35.697449","139.844269","IN_TRANSIT_TO","0806-01","浅間神社","浅間神社",,"1778207045","1778207149"
"2026-05-08 11:25:58","odpt","D314","D314","68001-1-77-170-1019","078","錦25","錦25 錦糸町駅前行","錦糸町駅前","35.696419","139.824554","IN_TRANSIT_TO","0368-11","亀戸駅通り","亀戸駅通り",,"1778207083","1778207149"
"2026-05-08 11:25:58","odpt","H978","H978","68001-2-77-170-1053","078","錦25","錦25 葛西駅前行","葛西駅前","35.697044","139.830978","IN_TRANSIT_TO","0372-02","亀戸六丁目","亀戸六丁目",,"1778207093","1778207149"
"2026-05-08 11:25:58","odpt","G732","G732","68001-2-77-170-1045","078","錦25","錦25 葛西駅前行","葛西駅前","35.699436","139.849792","IN_TRANSIT_TO","0552-01","小松川三丁目","小松川三丁目",,"1778207076","1778207149"
"2026-05-08 11:25:58","odpt","C263","C263","68001-2-77-170-1037","078","錦25","錦25 葛西駅前行","葛西駅前","35.699444","139.86792","IN_TRANSIT_TO","1280-03","東小松川一丁目","東小松川一丁目",,"1778207114","1778207149"
"2026-05-08 11:25:58","odpt","K290","K290","68001-2-77-170-1029","078","錦25","錦25 葛西駅前行","葛西駅前","35.671341","139.872223","IN_TRANSIT_TO","0312-02","葛西中学校前","葛西中学校前",,"1778207117","1778207149"
"2026-05-08 11:25:58","odpt","E486","E486","68809-1-77-170-1117","078","錦25","錦25 東小松川車庫前行","東小松川車庫前","35.676926","139.869583","IN_TRANSIT_TO","2382-01","船堀七丁目","船堀七丁目",,"1778207102","1778207149"
"2026-05-08 11:25:58","odpt","C253","C253","32501-1-61-170-1122","079","上26","上26 上野公園行","上野公園","35.701588","139.824615","IN_TRANSIT_TO","0371-01","亀戸四丁目","亀戸四丁目",,"1778207095","1778207149"
"2026-05-08 11:25:58","odpt","E450","E450","32501-2-61-170-1119","079","上26","上26 亀戸駅前行","亀戸駅前","35.709785","139.771912","IN_TRANSIT_TO","0132-08","上野公園","上野公園",,"1778206782","1778207149"
"2026-05-08 11:25:58","odpt","F671","F671","64101-1-69-170-1114","081","秋26","秋26 秋葉原駅前行","秋葉原駅前","35.669895","139.857986","IN_TRANSIT_TO","0136-02","宇喜田","宇喜田",,"1778207044","1778207149"
"2026-05-08 11:25:58","odpt","H982","H982","64101-1-69-170-1051","081","秋26","秋26 秋葉原駅前行","秋葉原駅前","35.682671","139.811646","IN_TRANSIT_TO","0191-04","扇橋一丁目","扇橋一丁目",,"1778207036","1778207149"
"2026-05-08 11:25:58","odpt","B769","B769","64101-1-69-170-1029","081","秋26","秋26 秋葉原駅前行","秋葉原駅前","35.692238","139.777252","IN_TRANSIT_TO","0129-01","岩本町一丁目","岩本町一丁目",,"1778206929","1778207149"
"2026-05-08 11:25:58","odpt","G718","G718","64101-2-69-170-1120","081","秋26","秋26 葛西駅前行","葛西駅前","35.696304","139.770813","IN_TRANSIT_TO","0784-05","須田町","須田町",,"1778207105","1778207149"
"2026-05-08 11:25:58","odpt","F669","F669","64101-2-69-170-1102","081","秋26","秋26 葛西駅前行","葛西駅前","35.687599","139.786835","IN_TRANSIT_TO","1324-01","久松町","久松町",,"1778207065","1778207149"
"2026-05-08 11:25:58","odpt","C275","C275","64101-2-69-170-1045","081","秋26","秋26 葛西駅前行","葛西駅前","35.682903","139.81929","IN_TRANSIT_TO","0193-02","扇橋三丁目","扇橋三丁目",,"1778207089","1778207149"
"2026-05-08 11:25:58","odpt","B766","B766","64101-2-69-170-1030","081","秋26","秋26 葛西駅前行","葛西駅前","35.670708","139.854034","IN_TRANSIT_TO","0314-01","葛西橋東詰","葛西橋東詰",,"1778207119","1778207149"
"2026-05-08 11:25:58","odpt","G785","G785","64001-1-69-170-1100","082","亀26","亀26 亀戸駅前行","亀戸駅前","35.696972","139.83551","IN_TRANSIT_TO","0373-02","亀戸七丁目","亀戸七丁目",,"1778207106","1778207149"
"2026-05-08 11:25:58","odpt","D338","D338","64001-2-69-170-1055","082","亀26","亀26 今井行","今井","35.685966","139.883575","IN_TRANSIT_TO","1445-02","一之江駅前","一之江駅前",,"1778207130","1778207149"
"2026-05-08 11:25:58","odpt","K284","K284","60501-1-77-170-1100","083","錦27","錦27 両国駅前行","両国駅前","35.702103","139.863831","IN_TRANSIT_TO","0551-01","小松川警察署前","小松川警察署前",,"1778207112","1778207149"
"2026-05-08 11:25:58","odpt","W400","W400","60501-2-77-170-1114","083","錦27","錦27 小岩駅前行","小岩駅前","35.695454","139.810303","IN_TRANSIT_TO","0494-01","江東橋","江東橋",,"1778207057","1778207149"
"2026-05-08 11:25:58","odpt","H979","H979","60501-2-77-170-1046","083","錦27","錦27 小岩駅前行","小岩駅前","35.707634","139.867661","IN_TRANSIT_TO","0171-02","江戸川区役所前","江戸川区役所前",,"1778206940","1778207149"
"2026-05-08 11:25:58","odpt","F665","F665","61101-1-77-170-1121","084","錦27－2","錦27－2 船堀駅前行","船堀駅前","35.728153","139.881851","IN_TRANSIT_TO","0649-02","下小岩小学校前","下小岩小学校前",,"1778207034","1778207149"
"2026-05-08 11:25:58","odpt","W394","W394","68602-1-77-170-1125","085","西葛27","西葛27 臨海町二丁目団地前行","臨海町二丁目団地前","35.664448","139.859116","IN_TRANSIT_TO","1146-04","西葛西駅前","西葛西駅前",,"1778207101","1778207149"
"2026-05-08 11:25:58","odpt","G730","G730","68602-2-77-170-1120","085","西葛27","西葛27 西葛西駅前行","西葛西駅前","35.653484","139.854004","IN_TRANSIT_TO","2449-03","東京臨海病院前","東京臨海病院前",,"1778206997","1778207149"
"2026-05-08 11:25:58","odpt","A595","A595","68609-1-77-170-1113","085","西葛27","西葛27 中左近橋行","中左近橋","35.653618","139.855972","IN_TRANSIT_TO","2109-01","臨海町一丁目","臨海町一丁目",,"1778207098","1778207149"
"2026-05-08 11:25:58","odpt","B771","B771","65304-3-69-170-1059","086","平28","平28 東大島駅前行","東大島駅前","35.69545","139.851685","IN_TRANSIT_TO","2390-01","チェリーガーデン前","チェリーガーデン前",,"1778207114","1778207149"
"2026-05-08 11:25:58","odpt","E458","E458","64501-1-69-170-1047","087","両28","両28 両国駅前行","両国駅前","35.699024","139.793976","IN_TRANSIT_TO","1602-01","旧安田庭園前","旧安田庭園前",,"1778206981","1778207149"
"2026-05-08 11:25:58","odpt","E134","E134","64501-2-69-170-1105","087","両28","両28 葛西橋行","葛西橋","35.692451","139.826172","IN_TRANSIT_TO","0755-02","五ノ橋","五ノ橋",,"1778207027","1778207149"
"2026-05-08 11:25:58","odpt","G719","G719","66004-1-69-170-1124","087","両28","両28 両国駅前行","両国駅前","35.647388","139.859009","IN_TRANSIT_TO","2233-01","臨海車庫前","臨海車庫前",,"1778207096","1778207149"
"2026-05-08 11:25:58","odpt","H985","H985","66004-2-69-170-1037","087","両28","両28 臨海車庫行","臨海車庫","35.657364","139.861191","IN_TRANSIT_TO","0724-02","新田住宅","新田住宅",,"1778207006","1778207149"
"2026-05-08 11:25:58","odpt","F673","F673","66101-1-69-170-1057","087","両28","両28 両国駅前行","両国駅前","35.678989","139.827316","IN_TRANSIT_TO","0410-02","北砂二丁目","北砂二丁目",,"1778207112","1778207149"
"2026-05-08 11:25:58","odpt","A653","A653","68701-1-65-170-1116","089","錦28","錦28 錦糸町駅前行","錦糸町駅前","35.684402","139.83696","IN_TRANSIT_TO","0414-03","北砂六丁目","北砂六丁目",,"1778207045","1778207149"
"2026-05-08 11:25:58","odpt","Z518","Z518","68701-2-65-170-1112","089","錦28","錦28 東大島駅前行","東大島駅前","35.687431","139.826614","IN_TRANSIT_TO","0234-01","大島一丁目","大島一丁目",,"1778207057","1778207149"
"2026-05-08 11:25:58","odpt","M441","M441","68301-1-69-170-1104","091","新小29","新小29 東新小岩四丁目行","東新小岩四丁目","35.699612","139.873062","IN_TRANSIT_TO","0929-01","中央通り","中央通り",,"1778207071","1778207149"
"2026-05-08 11:25:58","odpt","A636","A636","68306-2-69-170-1059","091","新小29","新小29 葛西駅前行","葛西駅前","35.700111","139.873398","IN_TRANSIT_TO","0929-02","中央通り","中央通り",,"1778207033","1778207149"
"2026-05-08 11:25:58","odpt","A635","A635","68306-2-69-170-1041","091","新小29","新小29 葛西駅前行","葛西駅前","35.671345","139.875687","IN_TRANSIT_TO","0462-01","桑川町","桑川町",,"1778207081","1778207149"
"2026-05-08 11:25:58","odpt","E456","E456","68315-1-69-170-1116","091","新小29","新小29 東新小岩四丁目行","東新小岩四丁目","35.660988","139.8694","IN_TRANSIT_TO","0306-01","葛西駅通り","葛西駅通り",,"1778207110","1778207149"
"2026-05-08 11:25:58","odpt","L352","L352","68317-2-69-170-1116","091","新小29","新小29 東京臨海病院前行","東京臨海病院前","35.717834","139.861526","IN_TRANSIT_TO","0698-01","新小岩二丁目","新小岩二丁目",,"1778207047","1778207149"
"2026-05-08 11:25:58","odpt","Z524","Z524","68317-2-69-170-1023","091","新小29","新小29 東京臨海病院前行","東京臨海病院前","35.653217","139.859131","IN_TRANSIT_TO","2331-02","紅葉川高校前","紅葉川高校前",,"1778207100","1778207149"
"2026-05-08 11:25:58","odpt","B762","B762","60301-1-65-170-1110","093","門33","門33 豊海水産埠頭行","豊海水産埠頭","35.707943","139.800247","IN_TRANSIT_TO","0054-01","吾妻橋一丁目","吾妻橋一丁目",,"1778207104","1778207149"
"2026-05-08 11:25:58","odpt","B763","B763","60301-1-65-170-1054","093","門33","門33 豊海水産埠頭行","豊海水産埠頭","35.680321","139.799118","IN_TRANSIT_TO","0438-02","清澄庭園前","清澄庭園前",,"1778207119","1778207149"
"2026-05-08 11:25:58","odpt","W433","W433","60301-1-65-170-1038","093","門33","門33 豊海水産埠頭行","豊海水産埠頭","35.662342","139.782211","IN_TRANSIT_TO","0937-03","月島三丁目","月島三丁目",,"1778207025","1778207149"
"2026-05-08 11:25:58","odpt","G738","G738","60301-2-65-170-1113","093","門33","門33 亀戸駅前行","亀戸駅前","35.665344","139.785873","IN_TRANSIT_TO","0720-01","月島駅前","月島駅前",,"1778207125","1778207149"
"2026-05-08 11:25:58","odpt","G789","G789","60301-2-65-170-1057","093","門33","門33 亀戸駅前行","亀戸駅前","35.690731","139.797913","IN_TRANSIT_TO","0927-02","千歳三丁目","千歳三丁目",,"1778207096","1778207149"
"2026-05-08 11:25:58","odpt","M465","M465","60301-2-65-170-1041","093","門33","門33 亀戸駅前行","亀戸駅前","35.708942","139.809204","IN_TRANSIT_TO","1120-01","とうきょうスカイツリー駅入口","とうきょうスカイツリー駅入口",,"1778207040","1778207149"
"2026-05-08 11:25:58","odpt","E491","E491","60301-2-65-170-1026","093","門33","門33 亀戸駅前行","亀戸駅前","35.702461","139.825562","IN_TRANSIT_TO","0371-04","亀戸四丁目","亀戸四丁目",,"1778206954","1778207149"
"2026-05-08 11:25:58","odpt","V380","V380","68201-1-77-170-1115","092","亀29","亀29 亀戸駅前行","亀戸駅前","35.655876","139.8685","IN_TRANSIT_TO","0721-01","新田","新田",,"1778207042","1778207149"
"2026-05-08 11:25:58","odpt","G725","G725","68202-1-77-170-1119","092","亀29","亀29 亀戸駅前行","亀戸駅前","35.669895","139.857986","IN_TRANSIT_TO","0136-02","宇喜田","宇喜田",,"1778207071","1778207149"
"2026-05-08 11:25:58","odpt","G729","G729","68202-1-77-170-1104","092","亀29","亀29 亀戸駅前行","亀戸駅前","35.678989","139.827316","IN_TRANSIT_TO","0410-02","北砂二丁目","北砂二丁目",,"1778207091","1778207149"
"2026-05-08 11:25:58","odpt","K285","K285","68202-2-77-170-1113","092","亀29","亀29 西葛西駅前行","西葛西駅前","35.67709","139.827866","IN_TRANSIT_TO","0565-01","境川","境川",,"1778207119","1778207149"
"2026-05-08 11:25:58","odpt","V341","V341","68202-2-77-170-1100","092","亀29","亀29 西葛西駅前行","西葛西駅前","35.670708","139.854034","IN_TRANSIT_TO","0314-01","葛西橋東詰","葛西橋東詰",,"1778207003","1778207149"
"2026-05-08 11:25:58","odpt","E447","E447","56001-1-61-170-1052","096","草39","草39 上野松坂屋前行","上野松坂屋前","35.727386","139.823837","IN_TRANSIT_TO","1319-02","東向島六丁目","東向島六丁目",,"1778207043","1778207149"
"2026-05-08 11:25:58","odpt","Z509","Z509","56001-2-61-170-1055","096","草39","草39 金町駅前行","金町駅前","35.717224","139.812088","IN_TRANSIT_TO","1514-02","向島五丁目","向島五丁目",,"1778207034","1778207149"
"2026-05-08 11:25:58","odpt","Z511","Z511","56002-1-61-170-1114","096","草39","草39 浅草寿町行","浅草寿町","35.759754","139.858734","IN_TRANSIT_TO","1126-01","新宿一丁目(にいじゅくいっちょうめ)","新宿一丁目(にいじゅくいっちょうめ)",,"1778207088","1778207149"
"2026-05-08 11:25:58","odpt","M431","M431","56002-2-61-170-1047","096","草39","草39 金町駅前行","金町駅前","35.745258","139.844406","IN_TRANSIT_TO","0003-02","青戸車庫前","青戸車庫前",,"1778207106","1778207149"
"2026-05-08 11:25:58","odpt","H963","H963","56101-1-61-170-1109","094","錦37","錦37 錦糸町駅前行","錦糸町駅前","35.726475","139.827682","IN_TRANSIT_TO","1559-02","八広","八広",,"1778207047","1778207149"
"2026-05-08 11:25:58","odpt","B755","B755","56101-1-61-170-1050","094","錦37","錦37 錦糸町駅前行","錦糸町駅前","35.704777","139.814484","IN_TRANSIT_TO","1579-03","横川三丁目","横川三丁目",,"1778207105","1778207149"
"2026-05-08 11:25:58","odpt","E452","E452","56101-2-61-170-1113","094","錦37","錦37 青戸車庫前行","青戸車庫前","35.710823","139.813568","IN_TRANSIT_TO","0277-01","押上駅前","押上駅前",,"1778207054","1778207149"
"2026-05-08 11:25:58","odpt","C251","C251","56101-2-61-170-1057","094","錦37","錦37 青戸車庫前行","青戸車庫前","35.725456","139.828644","IN_TRANSIT_TO","1559-01","八広","八広",,"1778207034","1778207149"
"2026-05-08 11:25:58","odpt","A623","A623","40601-4-49-170-1125","097","王40丙","王40丙 王子駅前行","王子駅前","35.754196","139.738678","IN_TRANSIT_TO","0196-11","王子駅前","王子駅前",,"1778207102","1778207149"
"2026-05-08 11:25:58","odpt","E427","E427","40001-1-49-170-1122","099","王40甲","王40甲 西新井駅前行","西新井駅前","35.732643","139.715103","IN_TRANSIT_TO","0998-02","Hareza池袋","Hareza池袋",,"1778207080","1778207149"
"2026-05-08 11:25:58","odpt","M407","M407","40001-1-49-170-1116","099","王40甲","王40甲 西新井駅前行","西新井駅前","35.737476","139.721008","IN_TRANSIT_TO","0343-02","上池袋三丁目","上池袋三丁目",,"1778207087","1778207149"
"2026-05-08 11:25:58","odpt","H897","H897","40001-1-49-170-1110","099","王40甲","王40甲 西新井駅前行","西新井駅前","35.744678","139.728546","IN_TRANSIT_TO","1162-02","西巣鴨","西巣鴨",,"1778207049","1778207149"
"2026-05-08 11:25:58","odpt","H899","H899","40001-1-49-170-1103","099","王40甲","王40甲 西新井駅前行","西新井駅前","35.754341","139.738815","IN_TRANSIT_TO","0196-12","王子駅前","王子駅前",,"1778207083","1778207149"
"2026-05-08 11:25:58","odpt","F606","F606","40001-1-49-170-1050","099","王40甲","王40甲 西新井駅前行","西新井駅前","35.762096","139.756226","IN_TRANSIT_TO","1500-03","宮城二丁目","宮城二丁目",,"1778206973","1778207149"
"2026-05-08 11:25:58","odpt","E426","E426","40001-1-49-170-1056","099","王40甲","王40甲 西新井駅前行","西新井駅前","35.762096","139.756226","IN_TRANSIT_TO","1500-03","宮城二丁目","宮城二丁目",,"1778207102","1778207149"
"2026-05-08 11:25:58","odpt","G756","G756","40001-1-49-170-1043","099","王40甲","王40甲 西新井駅前行","西新井駅前","35.76778","139.762039","IN_TRANSIT_TO","0504-01","荒川土手","荒川土手",,"1778207071","1778207149"
"2026-05-08 11:25:58","odpt","C239","C239","40001-1-49-170-1036","099","王40甲","王40甲 西新井駅前行","西新井駅前","35.778183","139.78331","IN_TRANSIT_TO","0459-01","栗原町","栗原町",,"1778207100","1778207149"
"2026-05-08 11:25:58","odpt","G750","G750","40001-2-49-170-1121","099","王40甲","王40甲 池袋駅東口行","池袋駅東口","35.776299","139.784637","IN_TRANSIT_TO","2087-01","西新井駅入口","西新井駅入口",,"1778207061","1778207149"
"2026-05-08 11:25:58","odpt","W455","W455","40001-2-49-170-1114","099","王40甲","王40甲 池袋駅東口行","池袋駅東口","35.770931","139.766724","IN_TRANSIT_TO","0507-01","江北一丁目","江北一丁目",,"1778207117","1778207149"
"2026-05-08 11:25:58","odpt","G764","G764","40001-2-49-170-1107","099","王40甲","王40甲 池袋駅東口行","池袋駅東口","35.768803","139.763214","IN_TRANSIT_TO","0066-01","荒川土手操車所前","荒川土手操車所前",,"1778207096","1778207149"
"2026-05-08 11:25:58","odpt","E516","E516","40001-2-49-170-1100","099","王40甲","王40甲 池袋駅東口行","池袋駅東口","35.76226","139.747772","IN_TRANSIT_TO","1003-02","豊島四丁目","豊島四丁目",,"1778207055","1778207149"
"2026-05-08 11:25:58","odpt","B743","B743","40001-2-49-170-1053","099","王40甲","王40甲 池袋駅東口行","池袋駅東口","35.753704","139.738586","IN_TRANSIT_TO","0196-14","王子駅前","王子駅前",,"1778206988","1778207149"
"2026-05-08 11:25:58","odpt","E419","E419","40001-2-49-170-1046","099","王40甲","王40甲 池袋駅東口行","池袋駅東口","35.747684","139.733109","IN_TRANSIT_TO","0878-01","滝野川二丁目","滝野川二丁目",,"1778207018","1778207149"
"2026-05-08 11:25:58","odpt","E418","E418","40001-2-49-170-1039","099","王40甲","王40甲 池袋駅東口行","池袋駅東口","35.736313","139.720016","IN_TRANSIT_TO","0342-02","上池袋一丁目","上池袋一丁目",,"1778207131","1778207149"
"2026-05-08 11:25:58","odpt","L328","L328","40010-2-49-170-1115","098","王40出入","王40出入 池袋駅東口行","池袋駅東口","35.762756","139.736893","IN_TRANSIT_TO","0200-01","王子四丁目","王子四丁目",,"1778206881","1778207149"
"2026-05-08 11:25:58","odpt","C243","C243","40101-1-49-170-1113","100","王41","王41 新田一丁目行","新田一丁目","35.770367","139.743561","IN_TRANSIT_TO","0729-02","新田三丁目","新田三丁目",,"1778207062","1778207149"
"2026-05-08 11:25:58","odpt","B750","B750","48201-1-53-170-1118","101","草41","草41 浅草寿町行","浅草寿町","35.76186","139.791672","IN_TRANSIT_TO","1387-01","放水路土手下","放水路土手下",,"1778206932","1778207149"
"2026-05-08 11:25:58","odpt","K247","K247","48201-1-53-170-1056","101","草41","草41 浅草寿町行","浅草寿町","35.724384","139.778854","IN_TRANSIT_TO","0356-02","上根岸","上根岸",,"1778207120","1778207149"
"2026-05-08 11:25:58","odpt","Z562","Z562","48201-2-53-170-1124","101","草41","草41 足立梅田町行","足立梅田町","35.711918","139.791946","IN_TRANSIT_TO","0038-01","浅草一丁目","浅草一丁目",,"1778207077","1778207149"
"2026-05-08 11:25:58","odpt","M419","M419","48201-2-53-170-1100","101","草41","草41 足立梅田町行","足立梅田町","35.73605","139.776901","IN_TRANSIT_TO","0069-05","荒川四丁目","荒川四丁目",,"1778206981","1778207149"
"2026-05-08 11:25:58","odpt","C283","C283","52201-1-57-170-1112","102","東42－1","東42－1 東京駅八重洲口行","東京駅八重洲口","35.715923","139.801941","IN_TRANSIT_TO","0786-04","隅田公園","隅田公園",,"1778207054","1778207149"
"2026-05-08 11:25:58","odpt","E537","E537","52203-2-57-170-1103","102","東42－1","東42－1 南千住駅西口行","南千住駅西口","35.700729","139.788361","IN_TRANSIT_TO","0457-01","蔵前一丁目","蔵前一丁目",,"1778207038","1778207149"
"2026-05-08 11:25:58","odpt","F613","F613","40401-1-49-170-1109","105","東43","東43 東京駅丸の内北口行","東京駅丸の内北口","35.74987","139.762253","IN_TRANSIT_TO","0283-01","小台","小台",,"1778207085","1778207149"
"2026-05-08 11:25:58","odpt","E420","E420","40401-1-49-170-1037","105","東43","東43 東京駅丸の内北口行","東京駅丸の内北口","35.705105","139.761169","IN_TRANSIT_TO","1409-02","本郷二丁目","本郷二丁目",,"1778207077","1778207149"
"2026-05-08 11:25:58","odpt","E421","E421","40402-2-49-170-1114","105","東43","東43 荒川土手行","荒川土手","35.697285","139.761887","IN_TRANSIT_TO","0791-01","駿河台下","駿河台下",,"1778207041","1778207149"
"2026-05-08 11:25:58","odpt","F607","F607","40402-2-49-170-1046","105","東43","東43 荒川土手行","荒川土手","35.738754","139.760712","IN_TRANSIT_TO","0898-02","田端駅前","田端駅前",,"1778207102","1778207149"
"2026-05-08 11:25:58","odpt","V359","V359","40403-1-49-170-1123","105","東43","東43 駒込病院前行","駒込病院前","35.768803","139.763214","IN_TRANSIT_TO","0066-03","荒川土手操車所前","荒川土手操車所前",,"1778207002","1778207149"
"2026-05-08 11:25:58","odpt","C238","C238","40407-2-49-170-1106","105","東43","東43 豊島五丁目団地行","豊島五丁目団地","35.756397","139.760849","IN_TRANSIT_TO","0745-01","小台二丁目","小台二丁目",,"1778207041","1778207149"
"2026-05-08 11:25:58","odpt","M410","M410","40412-2-49-170-1053","105","東43","東43 江北駅前行","江北駅前","35.768951","139.763351","IN_TRANSIT_TO","0066-02","荒川土手操車所前","荒川土手操車所前",,"1778207056","1778207149"
"2026-05-08 11:25:58","odpt","H956","H956","48301-1-53-170-1105","106","草43","草43 浅草雷門行","浅草雷門","35.735199","139.795303","IN_TRANSIT_TO","1481-01","南千住六丁目","南千住六丁目",,"1778207118","1778207149"
"2026-05-08 11:25:58","odpt","L333","L333","48301-2-53-170-1118","106","草43","草43 足立区役所行","足立区役所","35.716373","139.79248","IN_TRANSIT_TO","1129-04","西浅草三丁目","西浅草三丁目",,"1778207110","1778207149"
"2026-05-08 11:25:58","odpt","D341","D341","48301-2-53-170-1047","106","草43","草43 足立区役所行","足立区役所","35.765556","139.803528","IN_TRANSIT_TO","0815-05","千住車庫前","千住車庫前",,"1778207103","1778207149"
"2026-05-08 11:25:58","odpt","K243","K243","48401-1-53-170-1106","107","端44","端44 駒込病院前行","駒込病院前","35.749496","139.775421","IN_TRANSIT_TO","1275-02","東尾久六丁目","東尾久六丁目",,"1778207087","1778207149"
"2026-05-08 11:25:58","odpt","F589","F589","48401-2-53-170-1116","107","端44","端44 北千住駅前行","北千住駅前","35.738274","139.764252","IN_TRANSIT_TO","2462-01","東田端一丁目","東田端一丁目",,"1778207118","1778207149"
"2026-05-08 11:25:58","odpt","B747","B747","48401-2-53-170-1101","107","端44","端44 北千住駅前行","北千住駅前","35.749626","139.779694","IN_TRANSIT_TO","0065-02","原中学校入口","原中学校入口",,"1778207095","1778207149"
"2026-05-08 11:25:58","odpt","W430","W430","48401-2-53-170-1047","107","端44","端44 北千住駅前行","北千住駅前","35.750957","139.799377","IN_TRANSIT_TO","0820-04","千住二丁目","千住二丁目",,"1778207092","1778207149"
"2026-05-08 11:25:58","odpt","K250","K250","40201-1-49-170-1100","108","王45","王45 北千住駅前行","北千住駅前","35.755875","139.768875","IN_TRANSIT_TO","0285-02","小台土手上","小台土手上",,"1778207095","1778207149"
"2026-05-08 11:25:58","odpt","G757","G757","40201-2-49-170-1101","108","王45","王45 王子駅前行","王子駅前","35.770527","139.745743","IN_TRANSIT_TO","0978-02","新田東","新田東",,"1778207100","1778207149"
"2026-05-08 11:25:58","odpt","E454","E454","48103-2-53-170-1113","110","北47","北47 竹の塚駅前行","竹の塚駅前","35.750629","139.801498","IN_TRANSIT_TO","0820-01","千住二丁目","千住二丁目",,"1778207046","1778207149"
"2026-05-08 11:25:58","odpt","D348","D348","48103-2-53-170-1104","110","北47","北47 竹の塚駅前行","竹の塚駅前","35.772495","139.803253","IN_TRANSIT_TO","1568-01","弥生町","弥生町",,"1778207113","1778207149"
"2026-05-08 11:25:58","odpt","E438","E438","48103-2-53-170-1055","110","北47","北47 竹の塚駅前行","竹の塚駅前","35.788357","139.802704","IN_TRANSIT_TO","1606-02","六月町","六月町",,"1778207048","1778207149"
"2026-05-08 11:25:58","odpt","D351","D351","48104-1-53-170-1115","110","北47","北47 北千住駅前行","北千住駅前","35.782391","139.803177","IN_TRANSIT_TO","0642-02","島根町","島根町",,"1778207070","1778207149"
"2026-05-08 11:25:58","odpt","D350","D350","48104-1-53-170-1106","110","北47","北47 北千住駅前行","北千住駅前","35.764717","139.803879","IN_TRANSIT_TO","0815-01","千住車庫前","千住車庫前",,"1778207113","1778207149"
"2026-05-08 11:25:58","odpt","F590","F590","48402-2-53-170-1115","110","北47","北47 千住車庫前行","千住車庫前","35.754002","139.800827","IN_TRANSIT_TO","0821-02","千住四丁目","千住四丁目",,"1778206798","1778207149"
"2026-05-08 11:25:58","odpt","B798","B798","52001-1-57-170-1118","109","上46","上46 上野松坂屋前行","上野松坂屋前","35.737057","139.80928","IN_TRANSIT_TO","0669-02","汐入公園前","汐入公園前",,"1778207091","1778207149"
"2026-05-08 11:25:58","odpt","E444","E444","52001-1-57-170-1053","109","上46","上46 上野松坂屋前行","上野松坂屋前","35.710339","139.787521","IN_TRANSIT_TO","0396-02","菊屋橋","菊屋橋",,"1778207106","1778207149"
"2026-05-08 11:25:58","odpt","G778","G778","52001-2-57-170-1106","109","上46","上46 南千住駅東口行","南千住駅東口","35.713413","139.792206","IN_TRANSIT_TO","0034-02","浅草公園六区","浅草公園六区",,"1778207116","1778207149"
"2026-05-08 11:25:58","odpt","F643","F643","52001-2-57-170-1043","109","上46","上46 南千住駅東口行","南千住駅東口","35.735077","139.801697","IN_TRANSIT_TO","2574-02","ドナウ通り","ドナウ通り",,"1778207122","1778207149"
"2026-05-08 11:25:58","odpt","C281","C281","52005-1-57-170-1117","109","上46","上46 上野松坂屋前行","上野松坂屋前","35.724117","139.797791","IN_TRANSIT_TO","1585-02","吉原大門","吉原大門",,"1778207107","1778207149"
"2026-05-08 11:25:58","odpt","G774","G774","52005-2-57-170-1118","109","上46","上46 南千住車庫前行","南千住車庫前","35.706856","139.772522","IN_TRANSIT_TO","2000-08","上野松坂屋前","上野松坂屋前",,"1778206891","1778207149"
"2026-05-08 11:25:58","odpt","H955","H955","48001-1-53-170-1100","116","王49","王49 王子駅前行","王子駅前","35.778553","139.749298","IN_TRANSIT_TO","0596-01","鹿浜橋","鹿浜橋",,"1778207036","1778207149"
"2026-05-08 11:25:58","odpt","D343","D343","48001-2-53-170-1059","116","王49","王49 千住車庫前行","千住車庫前","35.778221","139.77533","IN_TRANSIT_TO","0912-01","第五中学校裏","第五中学校裏",,"1778207088","1778207149"
"2026-05-08 11:25:58","odpt","K244","K244","48001-2-53-170-1038","116","王49","王49 千住車庫前行","千住車庫前","35.770935","139.797546","IN_TRANSIT_TO","0150-01","エル・ソフィア前","エル・ソフィア前",,"1778207117","1778207149"
"2026-05-08 11:25:58","odpt","A630","A630","48502-1-53-170-1118","116","王49","王49 王子駅前行","王子駅前","35.778294","139.792892","IN_TRANSIT_TO","0153-01","梅島三丁目","梅島三丁目",,"1778207103","1778207149"
"2026-05-08 11:25:58","odpt","H954","H954","48502-2-53-170-1112","116","王49","王49 足立区役所行","足立区役所","35.768055","139.73465","IN_TRANSIT_TO","0403-02","北区神谷町","北区神谷町",,"1778207040","1778207149"
"2026-05-08 11:25:58","odpt","H959","H959","48502-2-53-170-1048","116","王49","王49 足立区役所行","足立区役所","35.778683","139.798157","IN_TRANSIT_TO","0986-01","東部病院前","東部病院前",,"1778206964","1778207149"
"2026-05-08 11:25:58","odpt","A610","A610","36302-1-45-170-1120","117","茶51","茶51 秋葉原駅前行","秋葉原駅前","35.726986","139.753052","IN_TRANSIT_TO","0422-02","吉祥寺前","吉祥寺前",,"1778207125","1778207149"
"2026-05-08 11:25:58","odpt","C217","C217","36302-2-45-170-1058","117","茶51","茶51 駒込駅南口行","駒込駅南口","35.722706","139.754288","IN_TRANSIT_TO","1512-01","向丘二丁目","向丘二丁目",,"1778207110","1778207149"
"2026-05-08 11:25:58","odpt","V354","V354","40804-2-49-170-1114","118","王55","王55 王子駅前行","王子駅前","35.765835","139.748001","IN_TRANSIT_TO","2557-01","新豊橋","新豊橋",,"1778207088","1778207149"
"2026-05-08 11:25:58","odpt","F603","F603","40807-1-49-170-1114","118","王55","王55 新田一丁目行","新田一丁目","35.739101","139.722824","IN_TRANSIT_TO","2006-02","上池袋四丁目","上池袋四丁目",,"1778207076","1778207149"
"2026-05-08 11:25:58","odpt","F599","F599","40807-1-49-170-1054","118","王55","王55 新田一丁目行","新田一丁目","35.764839","139.747452","IN_TRANSIT_TO","2187-02","新豊橋南","新豊橋南",,"1778207088","1778207149"
"2026-05-08 11:25:58","odpt","V362","V362","40807-2-49-170-1104","118","王55","王55 池袋駅東口行","池袋駅東口","35.755768","139.737381","IN_TRANSIT_TO","0198-01","王子二丁目","王子二丁目",,"1778207011","1778207149"
"2026-05-08 11:25:58","odpt","E520","E520","20101-1-33-170-1116","120","上58","上58 上野松坂屋前行","上野松坂屋前","35.717785","139.727982","IN_TRANSIT_TO","0293-01","音羽二丁目","音羽二丁目",,"1778207029","1778207149"
"2026-05-08 11:25:58","odpt","E519","E519","20101-1-33-170-1106","120","上58","上58 上野松坂屋前行","上野松坂屋前","35.723141","139.736801","IN_TRANSIT_TO","0811-03","千石三丁目","千石三丁目",,"1778207102","1778207149"
"2026-05-08 11:25:58","odpt","D360","D360","20101-1-33-170-1056","120","上58","上58 上野松坂屋前行","上野松坂屋前","35.730263","139.761932","IN_TRANSIT_TO","1055-03","道灌山下","道灌山下",,"1778207130","1778207149"
"2026-05-08 11:25:58","odpt","A602","A602","20101-1-33-170-1046","120","上58","上58 上野松坂屋前行","上野松坂屋前","35.720314","139.762863","IN_TRANSIT_TO","1192-02","根津神社入口","根津神社入口",,"1778206988","1778207149"
"2026-05-08 11:25:58","odpt","F572","F572","20101-2-33-170-1115","120","上58","上58 早稲田行","早稲田","35.717369","139.765579","IN_TRANSIT_TO","1191-02","根津駅前","根津駅前",,"1778207103","1778207149"
"2026-05-08 11:25:58","odpt","K235","K235","20101-2-33-170-1105","120","上58","上58 早稲田行","早稲田","35.732574","139.750015","IN_TRANSIT_TO","0359-02","上富士前","上富士前",,"1778207131","1778207149"
"2026-05-08 11:25:58","odpt","A604","A604","20101-2-33-170-1055","120","上58","上58 早稲田行","早稲田","35.723","139.736877","IN_TRANSIT_TO","0811-01","千石三丁目","千石三丁目",,"1778207105","1778207149"
"2026-05-08 11:25:58","odpt","G746","G746","20101-2-33-170-1045","120","上58","上58 早稲田行","早稲田","35.709942","139.730896","IN_TRANSIT_TO","0176-04","江戸川橋","江戸川橋",,"1778207099","1778207149"
"2026-05-08 11:25:58","odpt","G753","G753","40301-1-49-170-1123","119","王57","王57 豊島五丁目団地行","豊島五丁目団地","35.782227","139.722382","IN_TRANSIT_TO","0023-01","赤羽二丁目","赤羽二丁目",,"1778207131","1778207149"
"2026-05-08 11:25:58","odpt","M100","M100","40301-1-49-170-1108","119","王57","王57 豊島五丁目団地行","豊島五丁目団地","35.765163","139.735886","IN_TRANSIT_TO","0201-01","王子五丁目","王子五丁目",,"1778207025","1778207149"
"2026-05-08 11:25:58","odpt","G754","G754","40301-2-49-170-1113","119","王57","王57 赤羽駅東口行","赤羽駅東口","35.753902","139.738708","IN_TRANSIT_TO","0196-13","王子駅前","王子駅前",,"1778206919","1778207149"
"2026-05-08 11:25:58","odpt","M408","M408","40301-2-49-170-1058","119","王57","王57 赤羽駅東口行","赤羽駅東口","35.782661","139.725464","IN_TRANSIT_TO","0126-02","岩淵町","岩淵町",,"1778207106","1778207149"
"2026-05-08 11:25:58","odpt","L327","L327","40303-1-49-170-1123","119","王57","王57 豊島五丁目団地行","豊島五丁目団地","35.757168","139.74263","IN_TRANSIT_TO","1001-02","豊島二丁目","豊島二丁目",,"1778207114","1778207149"
"2026-05-08 11:25:58","odpt","E429","E429","40303-2-49-170-1120","119","王57","王57 王子駅前行","王子駅前","35.757362","139.743103","IN_TRANSIT_TO","1001-01","豊島二丁目","豊島二丁目",,"1778207078","1778207149"
"2026-05-08 11:25:58","odpt","Z514","Z514","32402-1-45-170-1122","121","上60","上60 上野公園行","上野公園","35.727474","139.733459","IN_TRANSIT_TO","0775-01","巣鴨小学校前","巣鴨小学校前",,"1778207119","1778207149"
"2026-05-08 11:25:58","odpt","F633","F633","32402-2-45-170-1114","121","上60","上60 大塚駅前行","大塚駅前","35.717369","139.765579","IN_TRANSIT_TO","1191-02","根津駅前","根津駅前",,"1778207042","1778207149"
"2026-05-08 11:25:58","odpt","F582","F582","44201-1-37-170-1111","122","白61","白61 新宿駅西口行","新宿駅西口","35.7225","139.693253","IN_TRANSIT_TO","1532-02","目白五丁目","目白五丁目",,"1778207094","1778207149"
"2026-05-08 11:25:58","odpt","C246","C246","44201-1-37-170-1100","122","白61","白61 新宿駅西口行","新宿駅西口","35.717361","139.717041","IN_TRANSIT_TO","0860-02","高田一丁目","高田一丁目",,"1778207092","1778207149"
"2026-05-08 11:25:58","odpt","E512","E512","44201-1-37-170-1049","122","白61","白61 新宿駅西口行","新宿駅西口","35.711472","139.731369","IN_TRANSIT_TO","0176-01","江戸川橋","江戸川橋",,"1778207003","1778207149"
"2026-05-08 11:25:58","odpt","K254","K254","44201-1-37-170-1039","122","白61","白61 新宿駅西口行","新宿駅西口","35.700569","139.726608","IN_TRANSIT_TO","0141-03","牛込柳町駅前","牛込柳町駅前",,"1778207040","1778207149"
"2026-05-08 11:25:58","odpt","M422","M422","44201-1-37-170-1029","122","白61","白61 新宿駅西口行","新宿駅西口","35.69109","139.717163","IN_TRANSIT_TO","0103-02","市ヶ谷富久町","市ヶ谷富久町",,"1778207118","1778207149"
"2026-05-08 11:25:58","odpt","C221","C221","44201-2-37-170-1121","122","白61","白61 練馬車庫前行","練馬車庫前","35.693474","139.702545","IN_TRANSIT_TO","0334-01","歌舞伎町","歌舞伎町",,"1778207068","1778207149"
"2026-05-08 11:25:58","odpt","L332","L332","44201-2-37-170-1112","122","白61","白61 練馬車庫前行","練馬車庫前","35.692516","139.721893","IN_TRANSIT_TO","0028-02","曙橋","曙橋",,"1778207116","1778207149"
"2026-05-08 11:25:58","odpt","K256","K256","44201-2-37-170-1104","122","白61","白61 練馬車庫前行","練馬車庫前","35.703671","139.726593","IN_TRANSIT_TO","0140-01","牛込保健センター前","牛込保健センター前",,"1778207066","1778207149"
"2026-05-08 11:25:58","odpt","M425","M425","44201-2-37-170-1056","122","白61","白61 練馬車庫前行","練馬車庫前","35.713779","139.725906","IN_TRANSIT_TO","0799-01","ホテル椿山荘東京前","ホテル椿山荘東京前",,"1778207129","1778207149"
"2026-05-08 11:25:58","odpt","F580","F580","44201-2-37-170-1048","122","白61","白61 練馬車庫前行","練馬車庫前","35.719875","139.710999","IN_TRANSIT_TO","1530-01","目白警察署前","目白警察署前",,"1778207085","1778207149"
"2026-05-08 11:25:58","odpt","L331","L331","44201-2-37-170-1040","122","白61","白61 練馬車庫前行","練馬車庫前","35.721931","139.695053","IN_TRANSIT_TO","0795-02","聖母病院入口","聖母病院入口",,"1778207117","1778207149"
"2026-05-08 11:25:58","odpt","F581","F581","44201-2-37-170-1032","122","白61","白61 練馬車庫前行","練馬車庫前","35.729145","139.677994","IN_TRANSIT_TO","0179-01","江原町中野通り","江原町中野通り",,"1778207080","1778207149"
"2026-05-08 11:25:58","odpt","K253","K253","44210-1-37-170-1116","122","白61","白61 新宿駅西口行","新宿駅西口","35.737484","139.668884","IN_TRANSIT_TO","1516-01","武蔵大学前","武蔵大学前",,"1778206999","1778207149"
"2026-05-08 11:25:58","odpt","L310","L310","16401-1-29-170-1112","125","橋63","橋63 新橋駅前行","新橋駅前","35.701214","139.70462","IN_TRANSIT_TO","0228-02","大久保二丁目","大久保二丁目",,"1778207102","1778207149"
"2026-05-08 11:25:58","odpt","E495","E495","16401-1-29-170-1045","125","橋63","橋63 新橋駅前行","新橋駅前","35.695187","139.736694","IN_TRANSIT_TO","0101-01","市谷田町","市谷田町",,"1778206821","1778207149"
"2026-05-08 11:25:58","odpt","M379","M379","16401-2-29-170-1115","125","橋63","橋63 小滝橋車庫前行","小滝橋車庫前","35.677517","139.744064","IN_TRANSIT_TO","0531-02","国会議事堂前","国会議事堂前",,"1778207107","1778207149"
"2026-05-08 11:25:58","odpt","C213","C213","16401-2-29-170-1052","125","橋63","橋63 小滝橋車庫前行","小滝橋車庫前","35.697556","139.734146","IN_TRANSIT_TO","1125-02","納戸町","納戸町",,"1778206863","1778207149"
"2026-05-08 11:25:58","odpt","W446","W446","16401-2-29-170-1031","125","橋63","橋63 小滝橋車庫前行","小滝橋車庫前","35.70145","139.699753","IN_TRANSIT_TO","0684-02","新大久保駅前","新大久保駅前",,"1778207016","1778207149"
"2026-05-08 11:25:58","odpt","C225","C225","36001-1-45-170-1118","126","草63","草63 浅草寿町行","浅草寿町","35.739101","139.722824","IN_TRANSIT_TO","2006-02","上池袋四丁目","上池袋四丁目",,"1778207108","1778207149"
"2026-05-08 11:25:58","odpt","D904","D904","36001-1-45-170-1104","126","草63","草63 浅草寿町行","浅草寿町","35.734058","139.738129","IN_TRANSIT_TO","0773-03","巣鴨駅前","巣鴨駅前",,"1778207016","1778207149"
"2026-05-08 11:25:58","odpt","F632","F632","36001-1-45-170-1050","126","草63","草63 浅草寿町行","浅草寿町","35.724899","139.759109","IN_TRANSIT_TO","0544-02","千駄木一丁目","千駄木一丁目",,"1778207081","1778207149"
"2026-05-08 11:25:58","odpt","A612","A612","36001-1-45-170-1036","126","草63","草63 浅草寿町行","浅草寿町","35.735664","139.781647","IN_TRANSIT_TO","0068-02","荒川三丁目","荒川三丁目",,"1778207031","1778207149"
"2026-05-08 11:25:58","odpt","G803","G803","36001-1-45-170-1022","126","草63","草63 浅草寿町行","浅草寿町","35.714127","139.792587","IN_TRANSIT_TO","0034-05","浅草公園六区","浅草公園六区",,"1778207069","1778207149"
"2026-05-08 11:25:58","odpt","G802","G802","36002-2-45-170-1115","126","草63","草63 池袋駅東口行","池袋駅東口","35.716373","139.79248","IN_TRANSIT_TO","1129-04","西浅草三丁目","西浅草三丁目",,"1778207062","1778207149"
"2026-05-08 11:25:58","odpt","G808","G808","36002-2-45-170-1101","126","草63","草63 池袋駅東口行","池袋駅東口","35.735737","139.780838","IN_TRANSIT_TO","0068-01","荒川三丁目","荒川三丁目",,"1778206977","1778207149"
"2026-05-08 11:25:58","odpt","E417","E417","36002-2-45-170-1047","126","草63","草63 池袋駅東口行","池袋駅東口","35.72522","139.763245","IN_TRANSIT_TO","0922-04","団子坂下","団子坂下",,"1778207101","1778207149"
"2026-05-08 11:25:58","odpt","H889","H889","36002-2-45-170-1033","126","草63","草63 池袋駅東口行","池袋駅東口","35.729099","139.743179","IN_TRANSIT_TO","0808-02","千石一丁目(せんごくいっちょうめ（ぶんきょうく）)","千石一丁目(せんごくいっちょうめ（ぶんきょうく）)",,"1778207044","1778207149"
"2026-05-08 11:25:58","odpt","K240","K240","36002-2-45-170-1020","126","草63","草63 池袋駅東口行","池袋駅東口","35.739231","139.723221","IN_TRANSIT_TO","2006-01","上池袋四丁目","上池袋四丁目",,"1778207127","1778207149"
"2026-05-08 11:25:58","odpt","M391","M391","36005-2-45-170-1123","126","草63","草63 池袋駅東口行","池袋駅東口","35.738007","139.733765","IN_TRANSIT_TO","0776-01","巣鴨四丁目","巣鴨四丁目",,"1778207049","1778207149"
"2026-05-08 11:25:58","odpt","H888","H888","36414-1-45-170-1112","126","草63","草63 とげぬき地蔵前行","とげぬき地蔵前","35.738647","139.733429","IN_TRANSIT_TO","0776-02","巣鴨四丁目","巣鴨四丁目",,"1778207048","1778207149"
"2026-05-08 11:25:58","odpt","G806","G806","36414-2-45-170-1111","126","草63","草63 池袋駅東口行","池袋駅東口","35.73267","139.71553","IN_TRANSIT_TO","0998-01","Hareza池袋","Hareza池袋",,"1778207120","1778207149"
"2026-05-08 11:25:58","odpt","E534","E534","36402-1-45-170-1113","128","草64","草64 浅草雷門南行","浅草雷門南","35.741898","139.725952","IN_TRANSIT_TO","1402-01","堀割","堀割",,"1778207053","1778207149"
"2026-05-08 11:25:58","odpt","C224","C224","36402-1-45-170-1050","128","草64","草64 浅草雷門南行","浅草雷門南","35.74255","139.763168","IN_TRANSIT_TO","0902-04","田端新町三丁目","田端新町三丁目",,"1778207096","1778207149"
"2026-05-08 11:25:58","odpt","L324","L324","36402-1-45-170-1027","128","草64","草64 浅草雷門南行","浅草雷門南","35.716991","139.799026","IN_TRANSIT_TO","0043-02","浅草六丁目","浅草六丁目",,"1778207059","1778207149"
"2026-05-08 11:25:58","odpt","A609","A609","36402-2-45-170-1120","128","草64","草64 池袋駅東口行","池袋駅東口","35.716358","139.798691","IN_TRANSIT_TO","0043-01","浅草六丁目","浅草六丁目",,"1778207123","1778207149"
"2026-05-08 11:25:58","odpt","C226","C226","36402-2-45-170-1100","128","草64","草64 池袋駅東口行","池袋駅東口","35.735737","139.780838","IN_TRANSIT_TO","0068-01","荒川三丁目","荒川三丁目",,"1778207100","1778207149"
"2026-05-08 11:25:58","odpt","E532","E532","36402-2-45-170-1040","128","草64","草64 池袋駅東口行","池袋駅東口","35.749992","139.736359","IN_TRANSIT_TO","0046-01","飛鳥山","飛鳥山",,"1778207054","1778207149"
"2026-05-08 11:25:58","odpt","E513","E513","44002-1-37-170-1117","129","池65","池65 池袋駅東口行","池袋駅東口","35.722591","139.683044","IN_TRANSIT_TO","1145-01","落合南長崎駅前","落合南長崎駅前",,"1778207021","1778207149"
"2026-05-08 11:25:58","odpt","G743","G743","44002-1-37-170-1104","129","池65","池65 池袋駅東口行","池袋駅東口","35.722008","139.706146","IN_TRANSIT_TO","1529-04","目白駅前","目白駅前",,"1778207034","1778207149"
"2026-05-08 11:25:58","odpt","F681","F681","44002-2-37-170-1124","129","池65","池65 江古田二丁目行","江古田二丁目","35.729053","139.712234","IN_TRANSIT_TO","0087-02","池袋駅東口","池袋駅東口",,"1778207120","1778207149"
"2026-05-08 11:25:58","odpt","L330","L330","44002-2-37-170-1112","129","池65","池65 江古田二丁目行","江古田二丁目","35.721874","139.697891","IN_TRANSIT_TO","0648-01","下落合四丁目","下落合四丁目",,"1778207100","1778207149"
"2026-05-08 11:25:58","odpt","W402","W402","44002-2-37-170-1101","129","池65","池65 江古田二丁目行","江古田二丁目","35.723034","139.679794","IN_TRANSIT_TO","1144-01","西落合一丁目","西落合一丁目",,"1778207062","1778207149"
"2026-05-08 11:25:58","odpt","D913","D913","16001-3-29-170-1118","127","飯64","飯64 小滝橋車庫前行","小滝橋車庫前","35.712288","139.699326","IN_TRANSIT_TO","0858-01","高田馬場三丁目","高田馬場三丁目",,"1778207070","1778207149"
"2026-05-08 11:25:58","odpt","D911","D911","16001-3-29-170-1100","127","飯64","飯64 小滝橋車庫前行","小滝橋車庫前","35.709141","139.735214","IN_TRANSIT_TO","0091-01","石切橋","石切橋",,"1778207076","1778207149"
"2026-05-08 11:25:58","odpt","B720","B720","16001-3-29-170-1041","127","飯64","飯64 小滝橋車庫前行","小滝橋車庫前","35.696159","139.75296","IN_TRANSIT_TO","2320-01","まないた橋","まないた橋",,"1778206763","1778207149"
"2026-05-08 11:25:58","odpt","A592","A592","16001-3-29-170-1023","127","飯64","飯64 小滝橋車庫前行","小滝橋車庫前","35.708836","139.735428","IN_TRANSIT_TO","0091-02","石切橋","石切橋",,"1778207076","1778207149"
"2026-05-08 11:25:58","odpt","C212","C212","16001-3-29-170-1005","127","飯64","飯64 小滝橋車庫前行","小滝橋車庫前","35.713673","139.704132","IN_TRANSIT_TO","0855-03","高田馬場駅前","高田馬場駅前",,"1778207092","1778207149"
"2026-05-08 11:25:58","odpt","B722","B722","16202-2-29-170-1122","127","飯64","飯64 小滝橋車庫前行","小滝橋車庫前","35.709991","139.694809","IN_TRANSIT_TO","0282-02","小滝橋","小滝橋",,"1778207124","1778207149"
"2026-05-08 11:25:58","odpt","C214","C214","16103-3-29-170-1109","131","上69","上69 小滝橋車庫前行","小滝橋車庫前","35.711479","139.71698","IN_TRANSIT_TO","2482-13","甘泉園公園前","甘泉園公園前",,"1778206996","1778207149"
"2026-05-08 11:25:58","odpt","A594","A594","16103-3-29-170-1050","131","上69","上69 小滝橋車庫前行","小滝橋車庫前","35.709827","139.746094","IN_TRANSIT_TO","0961-03","伝通院前","伝通院前",,"1778207072","1778207149"
"2026-05-08 11:25:58","odpt","K230","K230","16103-3-29-170-1032","131","上69","上69 小滝橋車庫前行","小滝橋車庫前","35.709393","139.770966","IN_TRANSIT_TO","0132-11","上野公園","上野公園",,"1778207106","1778207149"
"2026-05-08 11:25:58","odpt","K228","K228","16103-3-29-170-1014","131","上69","上69 小滝橋車庫前行","小滝橋車庫前","35.707813","139.744003","IN_TRANSIT_TO","0251-03","大曲","大曲",,"1778207102","1778207149"
"2026-05-08 11:25:58","odpt","Z548","Z548","16103-3-29-170-0956","131","上69","上69 小滝橋車庫前行","小滝橋車庫前","35.711094","139.721085","IN_TRANSIT_TO","1618-03","早稲田","早稲田",,"1778207083","1778207149"
"2026-05-08 11:25:58","odpt","W445","W445","16601-1-29-170-1120","133","高71","高71 九段下行","九段下","35.708767","139.706207","IN_TRANSIT_TO","2130-02","新宿スポーツセンター入口","新宿スポーツセンター入口",,"1778207052","1778207149"
"2026-05-08 11:25:58","odpt","C215","C215","24201-1-21-170-1055","130","渋66","渋66 渋谷駅前行","渋谷駅前","35.675819","139.671509","IN_TRANSIT_TO","1220-02","幡ヶ谷原町","幡ヶ谷原町",,"1778207131","1778207149"
"2026-05-08 11:25:58","odpt","E400","E400","24201-2-21-170-1124","130","渋66","渋66 阿佐ヶ谷駅前行","阿佐ヶ谷駅前","35.659298","139.700211","IN_TRANSIT_TO","0636-07","渋谷駅前","渋谷駅前",,"1778207041","1778207149"
"2026-05-08 11:25:58","odpt","L318","L318","24201-2-21-170-1041","130","渋66","渋66 阿佐ヶ谷駅前行","阿佐ヶ谷駅前","35.679348","139.657074","IN_TRANSIT_TO","0341-01","釜寺","釜寺",,"1778207035","1778207149"
"2026-05-08 11:25:58","odpt","F567","F567","24204-1-21-170-1122","130","渋66","渋66 阿佐ヶ谷駅前行","阿佐ヶ谷駅前","35.697685","139.647339","IN_TRANSIT_TO","0699-02","新高円寺","新高円寺",,"1778207055","1778207149"
"2026-05-08 11:25:58","odpt","Z532","Z532","12301-1-13-170-1114","138","宿75","宿75 三宅坂行","三宅坂","35.69566","139.706833","IN_TRANSIT_TO","0722-01","日清食品前","日清食品前",,"1778207054","1778207149"
"2026-05-08 11:25:58","odpt","E392","E392","12001-1-13-170-1108","135","宿74","宿74 東京女子医大前行","東京女子医大前","35.697189","139.707199","IN_TRANSIT_TO","0227-01","東新宿駅前","東新宿駅前",,"1778206888","1778207149"
"2026-05-08 11:25:58","odpt","H867","H867","12001-2-13-170-1120","135","宿74","宿74 新宿駅西口行","新宿駅西口","35.701164","139.717789","IN_TRANSIT_TO","0518-02","戸山町","戸山町",,"1778207105","1778207149"
"2026-05-08 11:25:58","odpt","B705","B705","00201-1-01-170-1055","141","黒77","黒77 千駄ヶ谷駅前行","千駄ヶ谷駅前","35.673237","139.712402","IN_TRANSIT_TO","0759-02","神宮前二丁目","神宮前二丁目",,"1778207094","1778207149"
"2026-05-08 11:25:58","odpt","G837","G837","00201-2-01-170-1106","141","黒77","黒77 目黒駅前行","目黒駅前","35.650337","139.722504","IN_TRANSIT_TO","1357-01","広尾駅前（広尾橋）","広尾駅前（広尾橋）",,"1778207109","1778207149"
"2026-05-08 11:25:58","odpt","E397","E397","20201-1-33-170-1108","147","早77","早77 新宿駅西口行","新宿駅西口","35.695465","139.707138","IN_TRANSIT_TO","0722-02","日清食品前","日清食品前",,"1778207121","1778207149"
"2026-05-08 11:25:58","odpt","C219","C219","20201-2-33-170-1117","147","早77","早77 早稲田行","早稲田","35.692448","139.701218","IN_TRANSIT_TO","0703-01","新宿駅東口","新宿駅東口",,"1778207120","1778207149"
"2026-05-08 11:25:58","odpt","F575","F575","20201-2-33-170-1056","147","早77","早77 早稲田行","早稲田","35.706364","139.71936","IN_TRANSIT_TO","1258-05","馬場下町","馬場下町",,"1778206985","1778207149"
"2026-05-08 11:25:58","odpt","M381","M381","24101-1-21-170-1058","148","王78","王78 王子駅前行","王子駅前","35.701847","139.654587","IN_TRANSIT_TO","0481-01","高円寺南四丁目","高円寺南四丁目",,"1778206986","1778207149"
"2026-05-08 11:25:58","odpt","F568","F568","24101-1-21-170-1032","148","王78","王78 王子駅前行","王子駅前","35.760128","139.700623","IN_TRANSIT_TO","1373-01","富士見町都営住宅前","富士見町都営住宅前",,"1778206990","1778207149"
"2026-05-08 11:25:58","odpt","K231","K231","24101-1-21-170-1007","148","王78","王78 王子駅前行","王子駅前","35.755768","139.737381","IN_TRANSIT_TO","0198-01","王子二丁目","王子二丁目",,"1778207045","1778207149"
"2026-05-08 11:25:58","odpt","L317","L317","24101-2-21-170-1110","148","王78","王78 新宿駅西口行","新宿駅西口","35.763805","139.715073","IN_TRANSIT_TO","0351-01","上十条五丁目","上十条五丁目",,"1778207125","1778207149"
"2026-05-08 11:25:58","odpt","G783","G783","24101-2-21-170-1042","148","王78","王78 新宿駅西口行","新宿駅西口","35.721165","139.653915","IN_TRANSIT_TO","1201-01","野方駅北口","野方駅北口",,"1778207093","1778207149"
"2026-05-08 11:25:58","odpt","M383","M383","24101-2-21-170-1014","148","王78","王78 新宿駅西口行","新宿駅西口","35.693943","139.69455","IN_TRANSIT_TO","0964-02","東京医大病院前","東京医大病院前",,"1778207062","1778207149"
"2026-05-08 11:25:58","odpt","M385","M385","20005-3-33-170-1122","152","池86","池86 池袋駅東口行","池袋駅東口","35.725925","139.711639","IN_TRANSIT_TO","1470-03","南池袋三丁目","南池袋三丁目",,"1778207112","1778207149"
"2026-05-08 11:25:58","odpt","F574","F574","20005-3-33-170-1056","152","池86","池86 池袋駅東口行","池袋駅東口","35.686829","139.703247","IN_TRANSIT_TO","0832-02","千駄ヶ谷五丁目","千駄ヶ谷五丁目",,"1778207039","1778207149"
"2026-05-08 11:25:58","odpt","Y489","Y489","20005-3-33-170-1043","152","池86","池86 池袋駅東口行","池袋駅東口","35.670658","139.707092","IN_TRANSIT_TO","0758-02","神宮前一丁目","神宮前一丁目",,"1778207037","1778207149"
"2026-05-08 11:25:58","odpt","F571","F571","20005-3-33-170-1030","152","池86","池86 池袋駅東口行","池袋駅東口","35.660294","139.702209","IN_TRANSIT_TO","0635-02","渋谷駅東口","渋谷駅東口",,"1778206971","1778207149"
"2026-05-08 11:25:58","odpt","D361","D361","20005-3-33-170-1017","152","池86","池86 池袋駅東口行","池袋駅東口","35.689232","139.703644","IN_TRANSIT_TO","0714-08","新宿四丁目","新宿四丁目",,"1778206960","1778207149"
"2026-05-08 11:25:58","odpt","D304","D304","20005-3-33-170-1005","152","池86","池86 池袋駅東口行","池袋駅東口","35.703964","139.70845","IN_TRANSIT_TO","0709-02","新宿コズミックセンター前","新宿コズミックセンター前",,"1778207076","1778207149"
"2026-05-08 11:25:58","odpt","A603","A603","20005-3-33-170-0953","152","池86","池86 池袋駅東口行","池袋駅東口","35.715992","139.712036","IN_TRANSIT_TO","0387-02","学習院下","学習院下",,"1778207007","1778207149"
"2026-05-08 11:25:58","odpt","K233","K233","20007-3-33-170-1124","152","池86","池86 池袋駅東口行","池袋駅東口","35.728779","139.721115","IN_TRANSIT_TO","2604-01","池袋サンシャインシティ","池袋サンシャインシティ",,"1778207049","1778207149"
"2026-05-08 11:25:58","odpt","B728","B728","20008-3-33-170-1109","152","池86","池86 池袋サンシャインシティ行","池袋サンシャインシティ","35.703831","139.708618","IN_TRANSIT_TO","0709-01","新宿コズミックセンター前","新宿コズミックセンター前",,"1778207107","1778207149"
"2026-05-08 11:25:58","odpt","F170","F170","00304-1-01-170-1125","151","橋86","橋86 赤羽橋駅前行","赤羽橋駅前","35.634212","139.716568","IN_TRANSIT_TO","1526-02","目黒駅前","目黒駅前",,"1778207104","1778207149"
"2026-05-08 11:25:58","odpt","C207","C207","16501-3-13-170-1058","149","早81","早81 早大正門行","早大正門","35.68475","139.716034","IN_TRANSIT_TO","1060-01","内藤町大京町","内藤町大京町",,"1778207049","1778207149"
"2026-05-08 11:25:58","odpt","G816","G816","16501-3-13-170-1017","149","早81","早81 早大正門行","早大正門","35.673561","139.705139","IN_TRANSIT_TO","0385-02","原宿外苑中学校前","原宿外苑中学校前",,"1778207035","1778207149"
"2026-05-08 11:25:58","odpt","G735","G735","08206-1-09-172-1106","154","渋88","渋88 新橋駅前行","新橋駅前","35.661224","139.72757","IN_TRANSIT_TO","1613-03","EXシアター六本木前","EXシアター六本木前",,"1778207097","1778207149"
"2026-05-08 11:25:58","odpt","G826","G826","08206-2-09-172-1118","154","渋88","渋88 渋谷駅前行","渋谷駅前","35.668652","139.754181","IN_TRANSIT_TO","1159-05","東亞合成本社前","東亞合成本社前",,"1778207056","1778207149"
"2026-05-08 11:25:58","odpt","E531","E531","08301-1-09-172-1122","153","田87","田87 田町駅前行","田町駅前","35.659359","139.702057","IN_TRANSIT_TO","0636-03","渋谷駅前","渋谷駅前",,"1778206930","1778207149"
"2026-05-08 11:25:58","odpt","V328","V328","08301-1-09-172-1113","153","田87","田87 田町駅前行","田町駅前","35.648357","139.710434","IN_TRANSIT_TO","0183-06","恵比寿駅前","恵比寿駅前",,"1778207007","1778207149"
"2026-05-08 11:25:58","odpt","G824","G824","08301-1-09-172-1104","153","田87","田87 田町駅前行","田町駅前","35.64447","139.725784","IN_TRANSIT_TO","0405-01","北里研究所前","北里研究所前",,"1778207083","1778207149"
"2026-05-08 11:25:58","odpt","G820","G820","08301-1-09-172-1055","153","田87","田87 田町駅前行","田町駅前","35.644501","139.737122","IN_TRANSIT_TO","0444-06","魚籃坂下","魚籃坂下",,"1778207097","1778207149"
"2026-05-08 11:25:58","odpt","K219","K219","08301-2-09-172-1124","153","田87","田87 渋谷駅前行","渋谷駅前","35.646687","139.746521","IN_TRANSIT_TO","0907-01","田町駅前","田町駅前",,"1778207107","1778207149"
"2026-05-08 11:25:58","odpt","G831","G831","08301-2-09-172-1116","153","田87","田87 渋谷駅前行","渋谷駅前","35.644196","139.737","IN_TRANSIT_TO","0444-07","魚籃坂下","魚籃坂下",,"1778207099","1778207149"
"2026-05-08 11:25:58","odpt","L315","L315","08301-2-09-172-1108","153","田87","田87 渋谷駅前行","渋谷駅前","35.64381","139.729965","IN_TRANSIT_TO","0581-02","三光坂下","三光坂下",,"1778207092","1778207149"
"2026-05-08 11:25:58","odpt","B790","B790","08301-2-09-172-1100","153","田87","田87 渋谷駅前行","渋谷駅前","35.647781","139.710419","IN_TRANSIT_TO","0183-05","恵比寿駅前","恵比寿駅前",,"1778207070","1778207149"
"2026-05-08 11:25:58","odpt","V320","V320","01009-3-01-170-1125","157","品91","品91 品川駅港南口行","品川駅港南口","35.628632","139.741165","IN_TRANSIT_TO","0605-03","品川駅港南口","品川駅港南口",,"1778207122","1778207149"
"2026-05-08 11:25:58","odpt","K210","K210","01009-3-01-170-1113","157","品91","品91 品川駅港南口行","品川駅港南口","35.610806","139.747559","IN_TRANSIT_TO","0836-03","都立八潮高校前","都立八潮高校前",,"1778207061","1778207149"
"2026-05-08 11:25:58","odpt","B711","B711","01009-3-01-170-1101","157","品91","品91 品川駅港南口行","品川駅港南口","35.598793","139.754288","IN_TRANSIT_TO","2016-01","八潮東","八潮東",,"1778207102","1778207149"
"2026-05-08 11:25:58","odpt","Z537","Z537","01009-3-01-170-1049","157","品91","品91 品川駅港南口行","品川駅港南口","35.610546","139.747314","IN_TRANSIT_TO","0836-01","都立八潮高校前","都立八潮高校前",,"1778207074","1778207149"
"2026-05-08 11:25:58","odpt","B723","B723","24302-2-21-170-1051","158","宿91","宿91 新代田駅前行","新代田駅前","35.675591","139.65918","IN_TRANSIT_TO","0098-02","和泉一丁目","和泉一丁目",,"1778207128","1778207149"
"2026-05-08 11:25:58","odpt","W458","W458","24305-2-21-170-1106","158","宿91","宿91 杉並車庫前行","杉並車庫前","35.69236","139.654358","IN_TRANSIT_TO","1398-01","堀ノ内","堀ノ内",,"1778207104","1778207149"
"2026-05-08 11:25:58","odpt","V322","V322","01101-3-01-170-1112","160","井92","井92 大井町駅東口行","大井町駅東口","35.605503","139.753082","IN_TRANSIT_TO","2011-02","品川総合福祉センター前","品川総合福祉センター前",,"1778207055","1778207149"
"2026-05-08 11:25:58","odpt","K213","K213","01101-3-01-170-1057","160","井92","井92 大井町駅東口行","大井町駅東口","35.606724","139.744705","IN_TRANSIT_TO","2372-01","東京工科専門学校前","東京工科専門学校前",,"1778206949","1778207149"
"2026-05-08 11:25:58","odpt","Y485","Y485","00401-1-01-170-1121","161","品93","品93 目黒駅前行","目黒駅前","35.604153","139.745941","IN_TRANSIT_TO","0977-02","鮫洲運転免許試験場前","鮫洲運転免許試験場前",,"1778207118","1778207149"
"2026-05-08 11:25:58","odpt","A576","A576","00401-1-01-170-1111","161","品93","品93 目黒駅前行","目黒駅前","35.619843","139.74646","IN_TRANSIT_TO","0960-02","天王洲橋","天王洲橋",,"1778207096","1778207149"
"2026-05-08 11:25:58","odpt","L303","L303","00401-1-01-170-1101","161","品93","品93 目黒駅前行","目黒駅前","35.622536","139.740494","IN_TRANSIT_TO","0608-02","品川車庫前","品川車庫前",,"1778206807","1778207149"
"2026-05-08 11:25:58","odpt","B712","B712","00401-1-01-170-1051","161","品93","品93 目黒駅前行","目黒駅前","35.636497","139.723129","IN_TRANSIT_TO","0680-01","白金台五丁目","白金台五丁目",,"1778207108","1778207149"
"2026-05-08 11:25:58","odpt","Y486","Y486","00401-2-01-170-1113","161","品93","品93 大井競馬場前行","大井競馬場前","35.630268","139.732437","IN_TRANSIT_TO","0869-04","グランドプリンスホテル新高輪前","グランドプリンスホテル新高輪前",,"1778207080","1778207149"
"2026-05-08 11:25:58","odpt","H854","H854","00401-2-01-170-1059","161","品93","品93 大井競馬場前行","大井競馬場前","35.61586","139.747925","IN_TRANSIT_TO","1287-02","東品川三丁目","東品川三丁目",,"1778207075","1778207149"
"2026-05-08 11:25:58","odpt","M372","M372","00401-2-01-170-1046","161","品93","品93 大井競馬場前行","大井競馬場前","35.604786","139.746399","IN_TRANSIT_TO","0977-01","鮫洲運転免許試験場前","鮫洲運転免許試験場前",,"1778207022","1778207149"
"2026-05-08 11:25:58","odpt","K215","K215","00408-1-01-170-1040","161","品93","品93 目黒駅前行","目黒駅前","35.636497","139.723129","IN_TRANSIT_TO","0680-01","白金台五丁目","白金台五丁目",,"1778207088","1778207149"
"2026-05-08 11:25:58","odpt","A573","A573","00807-1-01-170-1100","163","浜95","浜95 東京タワー行","東京タワー","35.650501","139.758835","IN_TRANSIT_TO","0300-01","日の出桟橋入口","日の出桟橋入口",,"1778207098","1778207149"
"2026-05-08 11:25:58","odpt","L301","L301","00807-2-01-170-1045","163","浜95","浜95 品川駅港南口行","品川駅港南口","35.632511","139.745407","IN_TRANSIT_TO","0501-02","港南一丁目","港南一丁目",,"1778206991","1778207149"
"2026-05-08 11:25:58","odpt","F171","F171","01402-1-01-170-1123","165","品96","品96 りんかい線天王洲アイル駅前行","りんかい線天王洲アイル駅前","35.628998","139.747437","IN_TRANSIT_TO","2456-01","東京海洋大学本部前","東京海洋大学本部前",,"1778207041","1778207149"
"2026-05-08 11:25:58","odpt","E374","E374","01712-1-06-170-1059","166","反96","反96 六本木ヒルズ行","六本木ヒルズ","35.652035","139.736389","IN_TRANSIT_TO","1180-03","二ノ橋","二ノ橋",,"1778207114","1778207149"
"2026-05-08 11:25:58","odpt","E370","E370","01712-2-06-170-1106","166","反96","反96 五反田駅行","五反田駅","35.644558","139.73613","IN_TRANSIT_TO","0444-05","魚籃坂下","魚籃坂下",,"1778207026","1778207149"
"2026-05-08 11:25:58","odpt","D925","D925","24001-1-21-170-1116","169","品97","品97 新宿駅西口行","新宿駅西口","35.641476","139.737411","IN_TRANSIT_TO","0866-01","高輪一丁目","高輪一丁目",,"1778207100","1778207149"
"2026-05-08 11:25:58","odpt","K224","K224","24001-1-13-170-1057","169","品97","品97 新宿駅西口行","新宿駅西口","35.6623","139.723587","IN_TRANSIT_TO","1425-01","墓地下","墓地下",,"1778207131","1778207149"
"2026-05-08 11:25:58","odpt","D923","D923","24001-1-21-170-1037","169","品97","品97 新宿駅西口行","新宿駅西口","35.688545","139.710327","IN_TRANSIT_TO","0712-01","新宿二丁目","新宿二丁目",,"1778207014","1778207149"
"2026-05-08 11:25:58","odpt","L308","L308","24001-2-13-170-1105","169","品97","品97 品川駅高輪口行","品川駅高輪口","35.680759","139.719482","IN_TRANSIT_TO","0611-02","信濃町駅前","信濃町駅前",,"1778207104","1778207149"
"2026-05-08 11:25:58","odpt","K280","K280","24001-2-06-170-1043","169","品97","品97 品川駅高輪口行","品川駅高輪口","35.646877","139.727448","IN_TRANSIT_TO","0513-01","光林寺前","光林寺前",,"1778207123","1778207149"
"2026-05-08 11:25:58","odpt","H855","H855","04102-1-01-170-1120","170","品98","品98 大田市場行","大田市場","35.624104","139.745285","IN_TRANSIT_TO","0972-02","楽水橋（品川車庫入口）","楽水橋（品川車庫入口）",,"1778207093","1778207149"
"2026-05-08 11:25:58","odpt","B707","B707","04102-1-01-170-1100","170","品98","品98 大田市場行","大田市場","35.593246","139.76973","IN_TRANSIT_TO","2154-03","八潮二丁目","八潮二丁目",,"1778207104","1778207149"
"2026-05-08 11:25:58","odpt","A572","A572","04102-2-01-170-1120","170","品98","品98 品川駅港南口行","品川駅港南口","35.5854","139.765854","IN_TRANSIT_TO","2232-01","ダイトー大井物流センター前","ダイトー大井物流センター前",,"1778207122","1778207149"
"2026-05-08 11:25:58","odpt","F635","F635","04102-2-01-170-1106","170","品98","品98 品川駅港南口行","品川駅港南口","35.616535","139.753006","IN_TRANSIT_TO","0214-01","若潮橋","若潮橋",,"1778207090","1778207149"
"2026-05-08 11:25:58","odpt","Y484","Y484","04505-3-01-170-1115","173","品99","品99 品川駅港南口行","品川駅港南口","35.628101","139.756088","IN_TRANSIT_TO","0974-01","東京出入国在留管理局前","東京出入国在留管理局前",,"1778207091","1778207149"
"2026-05-08 11:25:58","odpt","W422","W422","04505-3-01-170-1107","173","品99","品99 品川駅港南口行","品川駅港南口","35.631508","139.757599","IN_TRANSIT_TO","0609-01","品川埠頭","品川埠頭",,"1778207087","1778207149"
"2026-05-08 11:25:58","odpt","W421","W421","04505-3-01-170-1059","173","品99","品99 品川駅港南口行","品川駅港南口","35.631241","139.750839","IN_TRANSIT_TO","2091-02","港南四丁目","港南四丁目",,"1778207083","1778207149"
"2026-05-08 11:25:58","odpt","V321","V321","04506-1-01-170-1120","173","品99","品99 東京出入国在留管理局前行","東京出入国在留管理局前","35.628853","139.741196","IN_TRANSIT_TO","0605-08","品川駅港南口","品川駅港南口",,"1778206805","1778207149"
"2026-05-08 11:25:58","odpt","F626","F626","04506-2-01-170-1119","173","品99","品99 品川駅港南口行","品川駅港南口","35.631401","139.748169","IN_TRANSIT_TO","0500-02","港南中学校前","港南中学校前",,"1778206991","1778207149"
"2026-05-08 11:25:58","odpt","A640","A640","68902-1-77-170-1112","175","臨海28－1","臨海28－1 葛西臨海公園駅前行","葛西臨海公園駅前","35.685883","139.882584","IN_TRANSIT_TO","1445-07","一之江駅前","一之江駅前",,"1778207103","1778207149"
"2026-05-08 11:25:58","odpt","A644","A644","68902-1-77-170-1100","175","臨海28－1","臨海28－1 葛西臨海公園駅前行","葛西臨海公園駅前","35.663071","139.873276","IN_TRANSIT_TO","0307-08","葛西駅前","葛西駅前",,"1778207074","1778207149"
"2026-05-08 11:25:58","odpt","A601","A601","68902-2-77-170-1055","175","臨海28－1","臨海28－1 一之江駅前行","一之江駅前","35.668633","139.873749","IN_TRANSIT_TO","1106-03","長島町交差点","長島町交差点",,"1778207076","1778207149"
"2026-05-08 11:25:58","odpt","K262","K262","72601-1-81-170-1119","181","都05－2","都05－2 東京駅丸の内南口行","東京駅丸の内南口","35.63068","139.78746","IN_TRANSIT_TO","2586-02","武蔵野大学前","武蔵野大学前",,"1778206996","1778207149"
"2026-05-08 11:25:58","odpt","M444","M444","72601-1-81-170-1111","181","都05－2","都05－2 東京駅丸の内南口行","東京駅丸の内南口","35.639442","139.792801","IN_TRANSIT_TO","0077-01","有明二丁目","有明二丁目",,"1778207053","1778207149"
"2026-05-08 11:25:58","odpt","M458","M458","72601-1-81-170-1103","181","都05－2","都05－2 東京駅丸の内南口行","東京駅丸の内南口","35.648293","139.788559","IN_TRANSIT_TO","2589-01","新豊洲駅前","新豊洲駅前",,"1778206912","1778207149"
"2026-05-08 11:25:58","odpt","K180","K180","72601-1-81-170-1055","181","都05－2","都05－2 東京駅丸の内南口行","東京駅丸の内南口","35.667885","139.76886","IN_TRANSIT_TO","0939-02","築地","築地",,"1778207047","1778207149"
"2026-05-08 11:25:58","odpt","M448","M448","72601-2-81-170-1125","181","都05－2","都05－2 東京ビッグサイト行","東京ビッグサイト","35.680679","139.764816","IN_TRANSIT_TO","0966-05","東京駅丸の内南口","東京駅丸の内南口",,"1778207104","1778207149"
"2026-05-08 11:25:58","odpt","M446","M446","72601-2-81-170-1116","181","都05－2","都05－2 東京ビッグサイト行","東京ビッグサイト","35.6754","139.762711","IN_TRANSIT_TO","1570-01","有楽町駅前","有楽町駅前",,"1778207006","1778207149"
"2026-05-08 11:25:58","odpt","M450","M450","72601-2-81-170-1107","181","都05－2","都05－2 東京ビッグサイト行","東京ビッグサイト","35.666985","139.770355","IN_TRANSIT_TO","0945-01","築地三丁目","築地三丁目",,"1778206970","1778207149"
"2026-05-08 11:25:58","odpt","G175","G175","72601-2-81-170-1058","181","都05－2","都05－2 東京ビッグサイト行","東京ビッグサイト","35.64772","139.789658","IN_TRANSIT_TO","2589-02","新豊洲駅前","新豊洲駅前",,"1778207101","1778207149"
"2026-05-08 11:25:58","odpt","L359","L359","72603-1-81-170-1053","181","都05－2","都05－2 東京駅丸の内南口行","東京駅丸の内南口","35.675583","139.762543","IN_TRANSIT_TO","1570-02","有楽町駅前","有楽町駅前",,"1778207002","1778207149"
"2026-05-08 11:25:58","odpt","E462","E462","69006-2-69-170-1108","176","臨海28－2","臨海28－2 臨海車庫行","臨海車庫","35.650658","139.872375","IN_TRANSIT_TO","2030-02","総合レクリエーション公園前","総合レクリエーション公園前",,"1778207083","1778207149"
"2026-05-08 11:25:58","odpt","M440","M440","69008-2-69-170-1120","176","臨海28－2","臨海28－2 コーシャハイム南葛西行","コーシャハイム南葛西","35.66246","139.87323","IN_TRANSIT_TO","0307-15","葛西駅前","葛西駅前",,"1778207016","1778207149"
"2026-05-08 11:25:58","odpt","D929","D929","53001-1-57-170-1108","177","錦40","錦40 錦糸町駅前行","錦糸町駅前","35.724289","139.816666","IN_TRANSIT_TO","1339-02","百花園前","百花園前",,"1778207065","1778207149"
"2026-05-08 11:25:58","odpt","D926","D926","53001-2-57-170-1102","177","錦40","錦40 南千住駅東口行","南千住駅東口","35.724461","139.816193","IN_TRANSIT_TO","1339-01","百花園前","百花園前",,"1778207113","1778207149"
"2026-05-08 11:25:58","odpt","A665","A665","72416-2-81-170-1107","183","都05－1出入","都05－1出入 深川車庫前行","深川車庫前","35.654156","139.797256","IN_TRANSIT_TO","1025-11","豊洲駅前","豊洲駅前",,"1778207091","1778207149"
"2026-05-08 11:25:58","odpt","A671","A671","72414-1-81-170-1124","184","都05－1","都05－1 東京駅丸の内南口行","東京駅丸の内南口","35.647358","139.772781","IN_TRANSIT_TO","1249-04","晴海埠頭","晴海埠頭",,"1778207042","1778207149"
"2026-05-08 11:25:58","odpt","D910","D910","72414-1-81-170-1115","184","都05－1","都05－1 東京駅丸の内南口行","東京駅丸の内南口","35.658638","139.778168","IN_TRANSIT_TO","0326-03","勝どき駅前","勝どき駅前",,"1778207101","1778207149"
"2026-05-08 11:25:58","odpt","D909","D909","72414-1-81-170-1106","184","都05－1","都05－1 東京駅丸の内南口行","東京駅丸の内南口","35.666859","139.770096","IN_TRANSIT_TO","0945-02","築地三丁目","築地三丁目",,"1778207105","1778207149"
"2026-05-08 11:25:58","odpt","A667","A667","72414-2-81-170-1120","184","都05－1","都05－1 晴海埠頭行","晴海埠頭","35.677467","139.763351","IN_TRANSIT_TO","1008-03","東京国際フォーラム前","東京国際フォーラム前",,"1778207069","1778207149"
"2026-05-08 11:25:58","odpt","K179","K179","72414-2-81-170-1111","184","都05－1","都05－1 晴海埠頭行","晴海埠頭","35.667866","139.769302","IN_TRANSIT_TO","0939-01","築地","築地",,"1778207007","1778207149"
"2026-05-08 11:25:58","odpt","A664","A664","72414-2-81-170-1102","184","都05－1","都05－1 晴海埠頭行","晴海埠頭","35.658684","139.778519","IN_TRANSIT_TO","0326-02","勝どき駅前","勝どき駅前",,"1778207104","1778207149"
"2026-05-08 11:25:58","odpt","A647","A647","74401-2-85-170-1105","190","陽12－1","陽12－1 東陽町駅前行","東陽町駅前","35.664021","139.816208","IN_TRANSIT_TO","2592-02","東陽橋南","東陽橋南",,"1778207109","1778207149"
"2026-05-08 11:25:58","odpt","C247","C247","52202-1-57-170-1124","195","東42－2","東42－2 東神田行","東神田","35.731308","139.798431","IN_TRANSIT_TO","1478-01","南千住車庫前","南千住車庫前",,"1778207045","1778207149"
"2026-05-08 11:25:58","odpt","C282","C282","52202-2-57-170-1105","195","東42－2","東42－2 南千住車庫前行","南千住車庫前","35.71368","139.8004","IN_TRANSIT_TO","1233-01","花川戸","花川戸",,"1778206990","1778207149"
"2026-05-08 11:25:58","odpt","L338","L338","52204-1-57-170-1100","195","東42－2","東42－2 東神田行","東神田","35.697952","139.78685","IN_TRANSIT_TO","0037-03","浅草橋駅前","浅草橋駅前",,"1778207045","1778207149"
"2026-05-08 11:25:58","odpt","G770","G770","52204-2-57-170-1056","195","東42－2","東42－2 南千住駅西口行","南千住駅西口","35.729305","139.799225","IN_TRANSIT_TO","1115-01","泪橋","泪橋",,"1778207071","1778207149"
"2026-05-08 11:25:58","odpt","D917","D917","36701-3-53-170-1118","196","里48－2","里48－2 日暮里駅前行","日暮里駅前","35.736671","139.768295","IN_TRANSIT_TO","1168-02","西日暮里六丁目","西日暮里六丁目",,"1778207010","1778207149"
"2026-05-08 11:25:58","odpt","D903","D903","36701-3-45-170-1024","196","里48－2","里48－2 日暮里駅前行","日暮里駅前","35.748386","139.769836","IN_TRANSIT_TO","0454-02","熊野前","熊野前",,"1778207115","1778207149"
"2026-05-08 11:25:58","odpt","A611","A611","37001-3-45-170-1123","198","上01","上01 東大構内行","東大構内","35.711018","139.764038","IN_TRANSIT_TO","0983-03","東大病院前","東大病院前",,"1778207069","1778207149"
"2026-05-08 11:25:58","odpt","H891","H891","37001-3-45-170-1104","198","上01","上01 東大構内行","東大構内","35.711239","139.774078","IN_TRANSIT_TO","0133-08","上野公園山下","上野公園山下",,"1778206689","1778207149"
"2026-05-08 11:25:58","odpt","B732","B732","28008-1-25-170-1030","280","梅70","梅70 花小金井駅北口行","花小金井駅北口","35.761646","139.3685","IN_TRANSIT_TO","0733-01","新道","新道",,"1778207079","1778207149"
"2026-05-08 11:25:58","odpt","B730","B730","28008-2-25-170-1101","280","梅70","梅70 青梅車庫行","青梅車庫","35.730133","139.46846","IN_TRANSIT_TO","0264-02","小川町二丁目","小川町二丁目",,"1778207073","1778207149"
"2026-05-08 11:25:58","odpt","H881","H881","28008-2-25-170-0937","280","梅70","梅70 青梅車庫行","青梅車庫","35.789948","139.253525","IN_TRANSIT_TO","0353-02","上町","上町",,"1778207106","1778207149"
"2026-05-08 11:25:58","odpt","E410","E410","28009-1-25-170-0935","280","梅70","梅70 花小金井駅北口行","花小金井駅北口","35.730488","139.512909","IN_TRANSIT_TO","0529-01","小平合同庁舎前","小平合同庁舎前",,"1778207083","1778207149"
"2026-05-08 11:25:58","odpt","E415","E415","28009-2-25-170-1023","280","梅70","梅70 青梅車庫行","青梅車庫","35.759075","139.377579","IN_TRANSIT_TO","1492-02","峰","峰",,"1778207099","1778207149"
"2026-05-08 11:25:58","odpt","H876","H876","28101-4-25-170-1010","281","梅74甲","梅74甲 裏宿町行","裏宿町","35.789104","139.262787","IN_TRANSIT_TO","1173-02","西分二丁目","西分二丁目",,"1778207117","1778207149"
"2026-05-08 11:25:58","odpt","A605","A605","28107-3-25-170-1110","281","梅74甲","梅74甲 青梅駅前行","青梅駅前","35.790028","139.275238","IN_TRANSIT_TO","1607-02","六万公園前","六万公園前",,"1778207102","1778207149"
"2026-05-08 11:25:58","odpt","E412","E412","28302-2-25-170-1123","283","梅76甲","梅76甲 裏宿町行","裏宿町","35.835785","139.209213","IN_TRANSIT_TO","0207-02","大指","大指",,"1778207088","1778207149"
"2026-05-08 11:25:58","odpt","H882","H882","28501-1-25-170-1125","285","梅76丙","梅76丙 吉野行","吉野","35.790169","139.25798","IN_TRANSIT_TO","0202-02","青梅駅前","青梅駅前",,"1778207107","1778207149"
"2026-05-08 11:25:58","odpt","B731","B731","28501-2-25-170-1123","285","梅76丙","梅76丙 青梅駅前行","青梅駅前","35.796886","139.213669","IN_TRANSIT_TO","1572-02","柚木","柚木",,"1778207110","1778207149"
"2026-05-08 11:25:58","odpt","E406","E406","28701-3-25-170-1121","287","梅77乙","梅77乙 青梅駅前行","青梅駅前","35.78878","139.260956","IN_TRANSIT_TO","0788-01","住吉神社前","住吉神社前",,"1778206969","1778207149"
"2026-05-08 11:25:58","odpt","E413","E413","28603-2-25-170-1112","286","梅77甲","梅77甲 青梅駅前行","青梅駅前","35.79393","139.273788","IN_TRANSIT_TO","0510-02","光明寺下","光明寺下",,"1778207110","1778207149"
